C,Hpop,Dec,D,L
0.0204954,0.103989799999994,0.151075300000016,0.402197900000233,0.322241600000158
0.142589899999998,0.037490000000002,0.277617200000132,0.207651600000055,0.334651300000185
0.189655900000047,0.039545100000001,0.22087100000008,0.307781300000149,0.242146700000079
0.148827200000009,0.077211300000012,0.197155900000049,0.344756800000184,0.232048800000065
0.039878200000001,0.053159100000005,0.319512200000171,0.416155900000256,0.171294600000033
0.086339900000002,0.026182599999999,0.162566100000023,0.256608600000095,0.468302800000297
0.111879699999991,0.065962700000008,0.283173400000135,0.346346500000192,0.192637700000037
0.051083900000004,0.088674899999999,0.259752300000117,0.331442300000165,0.269046600000109
0.15896980000002,0.024359199999999,0.16211860000002,0.434818400000276,0.219734000000073
0.112206099999999,0.074554400000008,0.161362600000019,0.286649400000123,0.365227500000195
0.0046271,0.0258521,0.26792710000012,0.425493700000279,0.276100000000131
0.12002089999999,0.065818100000009,0.406198800000247,0.230526300000091,0.177435900000034
0.024382299999999,0.0354475,0.233074500000092,0.412855300000248,0.294240400000129
0.0896721,0.058528900000004,0.121645499999988,0.364590100000203,0.365563400000207
0.050144400000005,0.010760299999999,0.579815599999998,0.252806800000094,0.106472899999993
0.021104199999999,0.118250999999994,0.321977100000184,0.311709000000161,0.226958700000072
0.091214499999996,0.093653199999996,0.277712900000124,0.215264400000068,0.322155000000162
0.062938100000006,0.003943,0.146479400000009,0.506765500000299,0.279874000000118
0.177373300000036,0.038389400000002,0.28599700000013,0.292390000000121,0.205850300000055
0.064497700000008,0.055910500000005,0.19546880000006,0.440782000000277,0.243341000000093
0.145765500000004,0.071129100000007,0.198976800000058,0.36576700000021,0.218361600000073
0.087089900000004,0.079196600000002,0.127328499999994,0.423849000000255,0.282536000000139
0.154924400000012,0.0355641,0.210595000000063,0.27892520000014,0.319991300000159
0.018390999999999,0.102428099999994,0.349546400000191,0.354070000000192,0.175564500000031
0.151422500000014,0.052419000000005,0.144602600000006,0.36078170000021,0.290774200000133
0.040291100000002,0.088505400000005,0.351228400000205,0.356652400000188,0.163322700000012
0.095819599999994,0.032653500000001,0.34004650000018,0.307964000000152,0.223516400000068
0.052584000000005,0.0042668,0.249160500000104,0.237699700000084,0.456289000000278
0.042600600000001,0.046590400000003,0.315927300000159,0.28877780000013,0.306103900000154
0.047474300000004,0.081080600000004,0.226800100000078,0.359640000000207,0.285005000000119
0.066061900000011,0.054873800000006,0.232252900000091,0.427923800000259,0.218887600000067
0.118695899999989,0.037626800000002,0.295873200000132,0.278101900000111,0.269702200000105
0.0271264,0.041125800000002,0.364041900000216,0.352490100000197,0.21521580000006
0.052586000000006,0.0041281,0.173857800000036,0.507611800000299,0.261816300000099
0.093514900000006,0.000101,0.338282900000185,0.235697800000077,0.33240340000017
0.102853799999994,0.062006900000007,0.108619599999995,0.394109600000223,0.332410100000168
0.028806899999999,0.060346400000007,0.201485100000058,0.297876800000142,0.411484800000238
0.146300800000011,0.094120999999996,0.126614499999991,0.340152700000173,0.292811000000133
0.081631000000002,0.076883900000005,0.3473208000002,0.2406691000001,0.253495200000089
0.0130425,0.015068099999999,0.341375100000187,0.412487100000247,0.218027200000082
0.134837099999991,0.0019884,0.203492800000052,0.471743300000307,0.187938400000047
0.105009899999995,0.020181399999999,0.254142600000116,0.381120200000217,0.239545900000092
0.028291599999999,0.0001507,0.311068100000166,0.491360000000332,0.169129600000025
0.020983799999999,0.0001477,0.380290200000232,0.357234400000194,0.24134390000009
0.099040100000001,0.066009000000008,0.294925300000146,0.331588400000186,0.208437200000053
0.063034800000008,0.008439299999999,0.526607300000245,0.211285100000062,0.190633500000052
0.045245400000003,0.032616400000002,0.334362400000178,0.412634900000254,0.175140900000024
0.078765400000003,0.026508099999999,0.314230600000162,0.275224200000116,0.305271700000154
0.070009400000007,0.040676600000003,0.319280500000166,0.285407900000127,0.284625600000135
0.140412899999992,0.0098835,0.185640200000047,0.268464200000128,0.395599200000233
0.101426199999995,0.109143199999992,0.341686100000198,0.277521700000123,0.170222800000029
0.0374555,0.024596299999999,0.220555400000078,0.31592470000016,0.40146810000025
0.099896599999996,0.0121067,0.264200500000112,0.438858100000273,0.184938100000035
0.087492100000001,0.029855799999999,0.284556400000137,0.45584990000031,0.142245799999999
0.0083907,0.017829499999999,0.229582500000086,0.568024500000058,0.176172800000029
0.035532900000001,0.0065326,0.188625300000058,0.412518600000255,0.356790600000194
0.055243200000007,0.060435500000008,0.220221400000079,0.265263500000112,0.398836400000233
0.110682399999997,0.024538599999999,0.163566500000019,0.503271100000339,0.197941400000037
0.057252200000006,0.104733499999998,0.175818700000031,0.392763900000237,0.269431700000114
0.109022299999993,0.118355999999988,0.14896080000001,0.21437690000008,0.409284000000252
0.083378400000004,0.015586599999999,0.361927200000217,0.350697700000199,0.188410100000045
0.070718100000002,0.14527010000001,0.243656500000097,0.29789990000015,0.24245540000008
0.050711700000005,0.141979799999998,0.277907900000127,0.28787140000014,0.241529200000085
0.059345600000007,0.101367399999994,0.285956400000136,0.295148200000143,0.258182400000113
0.056964600000006,0.049480600000004,0.135306900000003,0.459897000000299,0.298350900000135
0.100282899999996,0.063791400000007,0.286720200000136,0.253626500000102,0.295579000000136
0.097205799999996,0.0064868,0.250958400000102,0.353127000000195,0.292222000000128
0.059992800000006,0.040387400000005,0.334517100000186,0.333694100000175,0.231408600000087
0.038209200000002,0.025708299999999,0.512855100000305,0.263935200000109,0.159292200000023
0.0278944,0.055106900000006,0.43333180000026,0.220326400000068,0.263340500000092
0.082318800000004,0.180558700000036,0.136280899999992,0.357928400000197,0.242913200000081
0.0069899,0.0156103,0.343055300000194,0.326893000000184,0.307451500000157
0.126830999999989,0.008470099999999,0.376725900000215,0.224988300000066,0.26298470000011
0.055167100000006,0.018535599999999,0.313221200000162,0.441629200000281,0.171446900000023
0.059398600000007,0.079299700000005,0.181226700000042,0.365870000000215,0.314205000000156
0.046706000000005,0.0360687,0.326263000000171,0.435911000000271,0.15505130000002
0.0153809,0.067018100000006,0.197275600000048,0.305493800000139,0.414831600000254
0.0369598,0.054695200000008,0.32425050000017,0.417497700000264,0.166596800000011
0.057372500000006,0.035458100000001,0.454111600000305,0.202102500000044,0.250955300000099
0.127997799999987,0.0026096,0.330718700000187,0.200795600000058,0.33787830000018
0.081086000000005,0.062433700000008,0.219838500000075,0.438597100000277,0.198044700000042
0.188784500000046,0.0058328,0.219035400000081,0.44846520000028,0.137882100000005
0.097013000000002,0.0084448,0.316362100000166,0.435314100000269,0.142865999999998
0.059861300000006,0.044452300000005,0.215226800000073,0.190198800000048,0.490260800000331
0.052829200000004,0.093446599999996,0.393304400000237,0.118594899999994,0.341824900000176
0.059304200000005,0.050298200000004,0.343274600000184,0.327011700000159,0.220111300000077
0.0047281,0.070441400000006,0.21054030000007,0.42391820000026,0.290372000000133
0.0033129,6.42000000000007E-05,0.358054700000207,0.350333200000191,0.288235000000133
0.095921899999999,0.049261100000004,0.338587500000181,0.348332500000185,0.167897000000022
0.194901400000048,0.036017900000003,0.160007900000015,0.249631500000097,0.359441300000198
0.071421700000005,0.125768399999985,0.083069100000004,0.274384000000113,0.445356800000281
0.149786900000006,6.64000000000008E-05,0.195349600000055,0.376047700000213,0.278749400000115
0.050291700000005,0.120002099999988,0.225072000000079,0.233129700000081,0.371504500000208
0.0343579,0.039523900000003,0.304889000000147,0.308492000000153,0.312737200000146
0.134257599999993,0.0375843,0.069753600000006,0.382600900000217,0.375803600000201
0.0922523,0.031313000000001,0.20359330000006,0.394491700000246,0.278349700000127
0.112048399999992,0.0064752,0.205082200000062,0.38341630000022,0.29297790000013
0.090345899999999,0.005343,0.329589300000173,0.264844200000118,0.309877600000145
0.097286899999999,0.008983399999999,0.218170200000075,0.431884700000279,0.243674800000093
0.038176100000001,0.122619799999991,0.299801300000144,0.2553126000001,0.284090200000134
0.042010200000003,0.111628899999997,0.405356600000247,0.305445800000145,0.1355585
0.084020800000001,0.036821100000001,0.15606060000002,0.278542800000111,0.444554700000279
0.086881500000002,0.068926300000005,0.204062900000058,0.420617000000251,0.219512300000076
0.0940898,0.007927599999999,0.169063600000022,0.372767900000207,0.356151100000201
0.040123100000003,0.122849799999988,0.275473800000123,0.22346580000007,0.338087500000178
0.045252400000004,0.0256553,0.274773100000134,0.365251500000198,0.28906770000012
0.055607800000005,0.0149042,0.197320400000057,0.433519300000266,0.298648300000135
0.136167099999994,0.139638899999998,0.191279600000048,0.250782700000105,0.282131700000113
0.030682399999999,0.0184338,0.197083000000056,0.452549900000299,0.301250900000151
0.022860499999999,0.049234600000004,0.143307700000008,0.418896600000252,0.365700600000212
0.044645600000004,0.110188199999991,0.220859700000083,0.415608800000256,0.208697700000053
0.119188099999988,0.051797800000006,0.215502300000071,0.362096300000202,0.251415500000087
0.069724500000008,0.044128700000002,0.311343100000174,0.319410900000148,0.255392800000103
0.034322299999999,0.035160000000002,0.299792300000143,0.374521200000212,0.25620420000009
0.052616700000006,0.027246899999999,0.302228000000158,0.361358300000203,0.256550100000101
0.063066800000009,0.0018145,0.207818400000063,0.299565300000146,0.427735000000264
0.0214244,0.041527400000003,0.396033600000245,0.356078900000202,0.184935700000037
0.070504400000006,0.034829600000001,0.300429000000145,0.39045120000023,0.203785800000049
0.064428500000009,0.039928300000001,0.373203900000218,0.34359060000018,0.178848700000032
0.077613300000008,0.008428499999999,0.326007100000172,0.363427900000203,0.224523200000068
0.043954200000002,0.072614300000006,0.305530200000172,0.400665200000231,0.17723610000003
0.1395951,0.017851199999999,0.12998909999999,0.471071400000312,0.241493200000093
0.054370900000006,0.153287800000008,0.313102200000157,0.147527900000013,0.331711200000161
0.009073799999999,0.130470399999994,0.292852800000147,0.465313900000313,0.102289099999994
0.122255099999986,0.103315899999995,0.191012800000059,0.401887600000218,0.181528600000035
0.0388172,0.074883300000009,0.172873100000031,0.348270200000205,0.365156200000201
0.038141300000001,0.064952600000008,0.249511100000099,0.387508800000236,0.259886200000099
0.101643999999993,0.073492500000004,0.255574800000102,0.329081100000181,0.240207600000095
0.120747999999986,0.192997900000047,0.274046500000125,0.152952500000006,0.259255100000107
0.084003899999999,0.101228599999996,0.14874660000001,0.370974300000211,0.295046600000133
0.0325316,0.0181571,0.419355900000266,0.322880100000163,0.207075300000063
0.0096505,0.138665299999996,0.328639000000181,0.308248900000138,0.214796300000053
0.067718700000008,0.072294600000004,0.242861100000095,0.398106800000241,0.219018800000074
0.105650299999994,0.0029707,0.434985900000288,0.19465820000005,0.261734900000104
0.015938199999999,0.0015718,0.19956720000006,0.585076099999974,0.197846700000056
0.095763000000003,0.037988000000003,0.32118460000017,0.3594679000002,0.18559650000004
0.095908199999996,0.041455000000003,0.250833000000095,0.29759700000014,0.314206800000154
0.133961199999998,0.014802399999999,0.29312140000014,0.430950400000265,0.127164599999989
0.197024600000048,0.136469999999998,0.078108600000003,0.39139390000023,0.197002900000052
0.033077900000002,0.0116991,0.221077600000082,0.507946300000296,0.226199100000072
0.0318721,0.025814199999999,0.14501830000001,0.363537900000204,0.433757500000268
0.149058600000008,0.0008588,0.307308200000168,0.184145300000041,0.358629100000199
0.0204456,0.038836600000002,0.42734750000028,0.209092700000061,0.304277600000151
0.031630799999999,0.108265899999998,0.376935500000231,0.274014200000119,0.20915360000006
0.081053700000004,0.068220800000007,0.18890720000005,0.252339300000104,0.409479000000242
0.205969700000063,0.033736899999999,0.15364930000002,0.337221000000175,0.269423100000105
0.134685399999992,0.087950599999999,0.14739850000001,0.332105700000167,0.297859800000153
0.095995999999999,0.065786400000007,0.258085400000109,0.314527900000161,0.265604300000116
0.112682299999995,0.0001381,0.209968400000065,0.441064700000284,0.236146500000097
0.0202457,0.028466699999999,0.215004800000062,0.446658600000274,0.289624200000127
0.18081640000004,0.043648800000003,0.099623900000006,0.42924520000026,0.246665700000079
0.097037599999997,0.0011237,0.348258400000196,0.293316500000142,0.260263800000109
0.041130000000004,0.088840600000001,0.243098300000096,0.349714700000168,0.277216400000125
0.032942399999999,0.021746799999999,0.343665600000176,0.220721600000075,0.380923600000205
0.132496199999992,0.071967400000008,0.416320800000269,0.271577200000124,0.107638399999992
0.175244400000029,0.034115699999999,0.070066600000009,0.416297800000277,0.304275500000145
0.117300199999994,0.06851700000001,0.205563300000065,0.275960100000116,0.332659400000161
0.067456300000007,0.042799400000003,0.357444500000204,0.289792000000141,0.24250780000008
0.044762100000002,0.096959799999999,0.334420700000194,0.230894200000081,0.292963200000147
0.162868800000011,0.052443400000005,0.169284000000023,0.401018600000246,0.214385200000074
0.105426599999993,0.1101733,0.239935800000096,0.388703900000219,0.15576040000001
0.017876399999999,0.0002994,0.158569400000027,0.597061499999929,0.226193300000066
0.061239600000007,0.053944500000005,0.289516600000138,0.45335290000029,0.141946400000005
0.0237257,0.063448500000008,0.444850500000289,0.214067800000062,0.253907500000102
0.12767339999999,0.021556299999999,0.15619630000001,0.373382700000223,0.321191300000172
0.202926400000064,0.050098500000004,0.180548000000041,0.317568600000157,0.2488585000001
0.072787900000008,0.0003942,0.315032800000162,0.406657200000263,0.205127900000043
0.078796700000006,0.050204300000005,0.316245500000171,0.221786800000071,0.33296670000017
0.052305200000006,0.0106977,0.465766500000311,0.274730900000125,0.196499700000044
0.0148582,0.069884800000011,0.15087130000002,0.468646500000302,0.295739200000141
0.088281100000005,0.0003564,0.462042100000312,0.194848600000041,0.25447180000009
0.054855500000005,0.121127599999997,0.444092100000298,0.220015100000061,0.159909700000026
0.0318606,0.128740199999986,0.286159000000134,0.30687390000016,0.246366300000092
0.129018499999995,0.053748500000005,0.142581600000002,0.430962800000276,0.243688600000095
0.182914500000049,0.0064397,0.263261300000109,0.328257600000178,0.219126900000051
0.071482100000003,0.197075300000059,0.229128700000079,0.296336200000139,0.205977700000055
0.071991600000009,0.103180499999998,0.213120200000079,0.366261900000211,0.245445800000101
0.041227500000001,0.108141,0.2623455000001,0.382400600000228,0.205885400000048
0.065424800000006,0.123433799999991,0.199355800000061,0.27418420000012,0.337601400000166
0.027021799999998,0.057022300000005,0.259940000000099,0.460416200000287,0.19559970000004
0.044318200000005,0.0117838,0.420122100000259,0.15305560000002,0.370720300000207
0.0999522,0.034757,0.188415000000052,0.413448700000256,0.263427100000102
0.147881900000006,0.0277078,0.160295900000015,0.446087600000288,0.218026800000073
0.137410199999997,0.0128814,0.126767699999995,0.508153400000306,0.214787300000061
0.103786399999994,0.051043500000004,0.16016340000002,0.379076400000222,0.305930300000149
0.042349800000003,0.057387600000006,0.265208200000117,0.316579500000145,0.318474900000144
0.058677400000006,0.051296100000005,0.144184700000001,0.380960900000229,0.364880900000201
0.049439700000004,0.0033329,0.283305600000138,0.392323500000232,0.271598300000107
0.190260400000056,0.021874299999999,0.133388199999992,0.242711500000089,0.411765600000247
0.071499000000006,0.0347284,0.349728000000199,0.320343800000169,0.223700800000088
0.150132400000006,0.0857079,0.261761800000122,0.227814900000083,0.274583000000119
0.201458800000065,0.054601900000005,0.194104500000062,0.346917100000184,0.202917700000055
0.057704700000006,0.076602900000006,0.203725800000057,0.246504100000097,0.415462500000252
0.0064334,0.029606899999999,0.274638000000127,0.468346300000302,0.220975400000072
0.048741300000004,0.135363799999997,0.156208700000024,0.271601100000119,0.388085100000243
0.036692300000001,0.059647900000008,0.177716300000038,0.417709800000262,0.308233700000154
0.026578299999999,0.055158300000006,0.274375500000135,0.41328770000025,0.23060020000007
0.0112827,0.0131131,0.357388300000206,0.215781600000067,0.402434300000244
0.058124100000007,0.076606800000004,0.312354300000164,0.336716100000174,0.216198700000068
0.161257400000011,0.027880499999999,0.281900900000132,0.300111400000139,0.228849800000065
0.084636200000002,7.32000000000009E-05,0.39346220000024,0.320595800000156,0.201232600000056
0.068577700000007,0.0864061,0.195212500000049,0.338122000000174,0.311681700000151
0.042874700000003,0.024937599999999,0.304095900000153,0.323539100000157,0.304552700000142
0.011244299999999,0.08416760000001,0.21541300000007,0.452243500000302,0.236931600000094
0.0154339,0.100194700000001,0.227068500000082,0.457748700000288,0.19955420000005
0.037529200000001,0.034601600000002,0.155279900000023,0.436712200000288,0.335877100000176
0.054797000000005,0.0001046,0.310214100000165,0.35908690000019,0.275797400000114
0.100892600000001,0.041706700000002,0.164521200000024,0.41462550000026,0.278254000000116
0.0213291,0.0054807,0.209457800000064,0.501059700000326,0.262672700000109
0.061957400000007,0.193730100000058,0.150382600000012,0.36805330000021,0.22587660000007
0.122054599999991,0.038728400000001,0.17965110000004,0.436203600000272,0.223362300000076
0.069991600000008,0.0409644,0.320669400000176,0.239050400000091,0.329324200000167
0.040156400000001,0.045797000000004,0.477585300000325,0.290940300000134,0.145520999999997
0.061253000000009,0.035438200000001,0.318024500000179,0.366400700000216,0.218883600000063
0.068370500000006,0.053086700000004,0.313808400000166,0.389963000000231,0.174771400000021
0.090965200000006,7.98000000000011E-05,0.352636100000197,0.39597470000024,0.160344200000016
0.130517799999986,0.0067622,0.275983000000126,0.345335300000175,0.241401700000083
0.062772800000005,0.038435900000001,0.121230999999986,0.466078100000304,0.311482200000149
0.087139700000004,0.040164500000002,0.337514600000192,0.231903300000093,0.30327790000014
0.100652199999997,0.058188800000006,0.368837100000229,0.244780700000092,0.227541200000069
0.10460229999999,0.0266052,0.176205000000031,0.354322400000195,0.338265100000184
0.066350100000006,0.0149764,0.334210000000178,0.344554100000178,0.23990940000009
0.065148000000007,0.053229300000007,0.333463800000178,0.330745700000175,0.217413200000062
0.199578800000053,0.037071800000001,0.260636700000114,0.390524900000227,0.112187799999997
0.029327099999999,0.0140478,0.139724500000008,0.51045130000031,0.306449300000152
0.131582299999993,0.022649699999999,0.212366100000076,0.44804310000029,0.185358800000044
0.042269100000002,0.031487699999999,0.250997400000108,0.366385800000199,0.308860000000145
0.066309600000009,0.057488400000007,0.300466100000142,0.301660200000137,0.274075700000118
0.073974200000004,0.050964200000004,0.109209000000005,0.410092000000243,0.355760600000186
0.067259200000012,0.061738100000007,0.290441800000129,0.257214800000107,0.323346100000154
0.040991100000002,0.0070358,0.177304600000039,0.505121900000325,0.269546600000112
0.035061,0.113168999999996,0.19520780000005,0.345030400000188,0.311531800000149
0.0106426,0.151219900000009,0.299614200000148,0.319834400000158,0.218688900000065
0.049521200000005,0.045749600000004,0.202607000000059,0.364034400000203,0.338087800000178
0.117752599999992,0.0195573,0.287581900000135,0.350493100000186,0.224615100000077
0.031643499999999,0.0015375,0.417888400000263,0.265544400000108,0.283386200000135
0.0916265,0.057697300000005,0.169803700000029,0.325366600000167,0.355505900000184
0.0833872,0.051130800000005,0.275232000000118,0.39511270000023,0.195137300000048
0.260185100000108,0.108891699999996,0.157319200000026,0.273489500000114,0.200114500000044
0.073402800000004,0.118317599999991,0.165413800000023,0.465832400000306,0.177033400000029
0.122071799999987,0.048367600000003,0.232802200000079,0.24331470000009,0.353443700000193
0.051519500000004,0.0168365,0.239498400000083,0.431365400000267,0.260780200000105
0.094756100000006,0.024524399999999,0.236777900000097,0.40747990000024,0.236461700000085
0.064734800000007,0.0062889,0.274689100000126,0.246589000000097,0.407698200000245
0.117821999999993,0.105852499999991,0.084120200000004,0.396625900000229,0.295579400000135
0.076658600000009,0.069143700000007,0.445758700000291,0.197264600000048,0.211174400000057
0.110991399999995,0.049099400000004,0.229535300000087,0.373378600000209,0.236995300000086
0.029190299999999,0.043574500000003,0.33769140000018,0.456297000000289,0.133246799999994
0.069476400000005,0.161044700000017,0.273051300000124,0.331205300000168,0.165222300000015
0.06586910000001,0.040792100000001,0.39775970000025,0.184085000000041,0.311494100000156
0.274982900000116,0.063219500000008,0.198687300000053,0.198639000000057,0.264471300000109
0.155297400000015,0.079478900000003,0.234429500000091,0.348562700000187,0.182231500000048
0.055099300000006,0.021703299999999,0.209670300000071,0.438186200000266,0.275340900000127
0.036432700000001,0.020680599999999,0.311182000000154,0.33988530000019,0.291819400000123
0.17310890000003,0.067998100000007,0.175798100000042,0.292304400000121,0.290790500000131
0.114538199999987,0.088898299999996,0.215412900000066,0.39155690000023,0.189593700000057
0.051993400000006,0.076074400000005,0.157467800000016,0.562495700000105,0.151968700000011
0.285361400000138,0.066159400000007,0.224264200000078,0.286719500000133,0.137495499999993
0.205599400000047,0.031591000000001,0.151969300000008,0.371680300000208,0.239160000000082
0.163825900000019,0.049876100000005,0.111422599999992,0.322646200000173,0.352229200000173
0.059029300000005,0.108044799999991,0.076652100000006,0.339822700000183,0.416451100000256
0.0901061,0.0030905,0.321169500000165,0.348624400000191,0.237009500000096
0.040313600000001,0.087507000000004,0.21270200000007,0.397253400000232,0.262224000000097
0.164734400000022,0.0032774,0.235627100000084,0.400988800000233,0.195372300000041
0.082522700000006,0.022927199999999,0.175786700000034,0.586516399999983,0.132246999999986
0.0234123,0.059499200000007,0.181686100000046,0.502499600000324,0.232902800000072
0.059577000000006,0.026950699999999,0.250150400000098,0.412280400000243,0.251041500000087
0.044144400000003,0.013309799999999,0.229013900000093,0.531960300000192,0.181571600000034
0.047222200000004,0.126363799999983,0.256240600000111,0.318610300000175,0.251563100000103
0.109897299999994,0.151402300000016,0.224430400000078,0.302816600000137,0.21145340000006
0.046373500000003,0.047155500000004,0.17387760000004,0.440402000000289,0.292191400000155
0.091312599999997,0.209716900000063,0.18567070000004,0.276219700000113,0.237080100000074
0.094057599999999,0.012584,0.23241540000009,0.296509800000138,0.364433200000212
0.070094900000007,0.028049099999999,0.320413000000165,0.337805300000177,0.243637700000086
0.07433310000001,0.0004309,0.300448900000146,0.32535470000018,0.299432400000142
0.090217800000001,0.061586200000007,0.280087600000133,0.29238880000015,0.27571960000012
0.068603700000006,0.103372199999999,0.306467100000156,0.266254800000108,0.255302200000114
0.071547100000008,0.0345842,0.361905900000213,0.294860300000131,0.237102500000072
0.0075812,0.0366164,0.30279850000015,0.357750200000204,0.295253700000133
0.0341654,0.166849500000035,0.244139400000094,0.315724600000162,0.239121100000087
0.079367600000004,0.0155521,0.21981640000008,0.315492000000158,0.369771900000205
0.197161800000051,0.020244299999999,0.326376000000157,0.193706000000049,0.262511900000094
0.027384499999999,0.0326998,0.252139700000107,0.251172800000108,0.436603200000285
0.085253200000002,0.050103400000006,0.1284705,0.449489000000285,0.286683900000135
0.023248899999999,0.025442699999999,0.160253700000018,0.376709500000213,0.414345200000256
0.112094699999989,0.079033700000005,0.364060300000203,0.273288400000132,0.171522900000021
0.048376500000004,0.0007336,0.260761300000106,0.378785900000215,0.311342700000154
0.078985600000008,0.068346300000007,0.214697000000072,0.449635300000295,0.188335800000037
0.20090280000005,0.0020145,0.241277900000098,0.342731100000178,0.213073700000068
0.072232400000008,0.032348300000002,0.504344300000292,0.279953300000128,0.111121699999991
0.085448500000001,0.051339600000005,0.276556600000124,0.383298600000225,0.203356700000062
0.042121600000002,0.0011892,0.217683500000074,0.484800200000315,0.254205500000092
0.145640600000011,0.053736200000006,0.113990599999997,0.31979940000016,0.366833200000197
0.030803699999999,0.0037231,0.27313920000013,0.278723500000124,0.413610500000249
0.044186000000003,0.118975799999995,0.237666700000087,0.519605100000245,0.079566400000001
0.128218699999988,0.039506400000002,0.216563800000073,0.359833800000201,0.255877300000096
0.0233601,0.044303800000003,0.373815800000224,0.299149900000152,0.2593704000001
0.081746600000007,0.016654599999999,0.179374800000039,0.332246300000181,0.389977700000232
0.114918699999994,0.069931100000006,0.117733599999984,0.508226500000303,0.189190100000038
0.117663999999993,0.0133649,0.249887100000101,0.314898700000162,0.30418530000015
0.096589399999995,0.015242399999999,0.052506100000007,0.635906799999747,0.199755300000053
0.071831000000007,0.038338700000002,0.306659000000157,0.307303700000154,0.275867600000115
0.047786600000003,0.037034200000002,0.247864300000099,0.26989060000011,0.397424300000236
0.059545700000006,0.039501300000001,0.407294900000249,0.243528700000095,0.250129400000109
0.125596199999991,0.0132286,0.097965399999997,0.469848100000323,0.293361700000142
0.062862100000007,0.057461100000005,0.204866600000067,0.271849600000107,0.402960600000242
0.148965100000007,0.103074099999994,0.300478600000154,0.297565300000137,0.149916900000009
0.077977300000007,0.149718900000012,0.123341999999983,0.459190800000303,0.189771000000045
0.0987941,0.0337078,0.324789800000176,0.354072500000191,0.188635800000045
0.263657500000114,0.086557299999999,0.107608599999996,0.190393500000031,0.351783100000191
0.053560000000003,0.095466499999996,0.111354200000001,0.415726600000251,0.323892700000163
0.074248600000004,0.0117611,0.313647800000158,0.436398100000269,0.163944400000022
0.123140899999991,0.130962099999993,0.17551320000004,0.352894900000192,0.21748890000007
0.090766499999999,0.0166821,0.529663800000169,0.213857400000072,0.149030200000007
0.053773900000005,0.041896900000002,0.175532200000038,0.403310200000255,0.325486800000156
0.202861300000061,0.051550500000003,0.252790100000107,0.283835600000132,0.208962500000073
0.059934300000008,0.0048944,0.3422145000002,0.342104700000178,0.250852100000105
0.083188800000002,0.022798999999999,0.429456600000266,0.176106400000025,0.288449200000124
0.136367600000001,0.114444199999995,0.135020599999996,0.262486900000111,0.351680700000186
0.148072600000006,0.078611500000006,0.164981500000024,0.353652400000193,0.254682000000097
0.043403900000002,0.022744299999999,0.539628700000157,0.277996900000107,0.116226199999997
0.053876200000005,0.0001486,0.441253700000299,0.284275900000134,0.220445600000069
0.0011354,0.176195900000041,0.383577400000229,0.204823500000071,0.234267800000074
0.056805600000007,0.056941800000008,0.185817000000043,0.269674000000116,0.430761600000274
0.125809099999989,0.029189499999999,0.059524500000006,0.532560300000214,0.252916600000104
0.06588230000001,0.0002598,0.470603100000311,0.215164900000066,0.248089900000088
0.069134300000008,0.028112099999999,0.418721800000261,0.222330900000073,0.261700900000109
0.126566799999992,0.026903299999999,0.20779650000005,0.299382200000151,0.339351200000175
0.060738100000006,0.080126600000006,0.297756300000149,0.34513700000019,0.216242000000071
0.216470800000066,0.0155527,0.148613400000005,0.274606000000125,0.344757100000187
0.018761199999999,0.061481000000008,0.296351900000148,0.365663000000214,0.257742900000095
0.091033400000004,0.115005999999987,0.087997900000006,0.48872930000033,0.21723340000007
0.138928399999997,0.038286700000002,0.116376399999987,0.435936000000277,0.270472500000114
0.086638900000002,0.0093466,0.111321700000003,0.498352200000339,0.29434060000014
0.084052900000005,0.028658699999999,0.212188200000074,0.399359400000242,0.275740800000122
0.047929000000005,0.035467999999999,0.39333830000023,0.354209800000196,0.169054900000025
0.062748000000008,0.147574300000009,0.256829100000116,0.276109000000127,0.25673960000009
0.0930887,0.071847000000007,0.229889100000079,0.259973600000105,0.345201600000184
0.066554400000008,0.057601000000007,0.12358079999999,0.410102900000249,0.342160900000166
0.043516700000002,0.063584800000009,0.397863300000242,0.255358800000112,0.23967640000008
0.06966590000001,0.067533900000007,0.267308500000123,0.393726400000229,0.201765300000048
0.064577100000009,0.068101000000009,0.278891800000133,0.198314600000055,0.390115500000236
0.094718699999996,0.0069915,0.113605499999988,0.374624300000206,0.410060000000245
0.135613299999997,0.0162405,0.313884900000164,0.239821500000088,0.294439800000127
0.057024700000007,0.027277299999999,0.212117700000068,0.368545700000217,0.335034600000173
0.051898500000006,0.077159600000001,0.131806299999998,0.498297300000324,0.240838300000091
0.066794400000011,0.125789399999991,0.296019600000141,0.2485147000001,0.262881900000104
0.1417688,0.074596200000006,0.174472200000035,0.292344300000148,0.31681850000015
0.109549299999997,0.014308399999999,0.261125100000109,0.40258730000025,0.212429900000066
0.06340580000001,0.052149900000004,0.203323700000072,0.441311600000269,0.239809000000088
0.224324400000084,0.040077000000003,0.347894300000207,0.221758600000063,0.165945700000031
0.069023900000007,0.041487700000005,0.341333800000193,0.271500800000124,0.276653800000123
0.059231500000008,0.048774600000004,0.070493700000007,0.608487699999859,0.213012500000065
0.023720699999999,0.057115600000006,0.302355200000146,0.440954800000286,0.17585370000003
0.097689799999998,0.010335299999999,0.347515800000185,0.248243100000085,0.296216000000126
0.072942900000006,0.090822999999998,0.27989980000014,0.33587380000018,0.220460500000069
0.026182699999999,0.039393400000002,0.413163000000258,0.361787000000198,0.15947390000002
0.103617199999996,0.067433000000008,0.242329900000096,0.410901500000253,0.175718400000027
0.150133700000011,0.023872,0.103017999999997,0.315472300000166,0.407504000000249
0.16278660000002,0.008262899999999,0.251630200000101,0.183367300000035,0.393953000000236
0.071388700000004,0.111622899999996,0.176171100000031,0.286115300000119,0.354702000000195
0.0261947,0.095007199999999,0.41098140000025,0.276424500000116,0.191392200000056
0.044176500000003,0.051547300000005,0.40152690000026,0.403706700000257,0.099042599999999
0.075567800000007,0.073324500000005,0.213751200000072,0.460101000000284,0.177255500000033
0.129059199999985,0.047740000000005,0.1189235,0.515259900000284,0.189017400000032
0.064724600000009,0.0098848,0.32796340000017,0.384020800000237,0.213406400000065
0.057080100000005,0.004443,0.267099400000105,0.337671800000185,0.333705700000177
0.124753099999994,0.100735599999996,0.125562899999986,0.510218400000303,0.138729999999999
0.083144000000001,0.103322799999997,0.201061000000053,0.325681400000166,0.286790800000122
0.100454499999999,0.094512399999997,0.387708800000219,0.302099000000143,0.115225299999987
0.029923399999999,0.061475100000008,0.315046900000163,0.371930000000207,0.22162460000008
0.079354600000006,0.094096200000003,0.179294400000043,0.424903000000267,0.222351800000075
0.091116399999999,0.066210500000008,0.185677100000051,0.347832900000189,0.309163100000155
0.0190069,0.057996500000008,0.401049800000258,0.242279000000094,0.279667800000118
0.229877400000083,0.064088300000008,0.141778300000002,0.306391700000156,0.257864300000102
0.195602100000049,0.030049099999999,0.119635999999989,0.362563500000199,0.292149300000131
0.054096300000005,0.0146221,0.346737900000205,0.402284300000242,0.18225940000003
0.043557800000003,0.107178899999995,0.253407700000109,0.320820600000162,0.275035000000131
0.112256099999987,0.0835385,0.293590800000137,0.291476100000131,0.219138500000079
0.0165712,0.036779,0.31135290000016,0.483558500000321,0.151738400000008
0.123277099999991,0.042074100000001,0.275842200000119,0.24638330000009,0.312423300000148
0.011329,0.079531700000005,0.397695000000251,0.249240500000101,0.2622038000001
0.159925600000025,0.043396600000003,0.205152300000055,0.426669200000268,0.164856300000019
0.0309518,0.062439700000009,0.229304200000082,0.419125700000249,0.258178600000095
0.046414000000005,0.065580200000007,0.408429000000269,0.321511800000162,0.158065000000016
0.216051100000079,0.041818300000001,0.091980599999997,0.378262500000213,0.271887500000115
0.053614400000006,0.022162099999999,0.4736500000003,0.264850000000109,0.185723500000035
0.115353799999994,0.081181900000005,0.096629199999999,0.507331100000319,0.199504000000038
0.078348200000003,0.104201999999998,0.095738,0.436137400000269,0.285574400000135
0.046861400000005,0.090289199999999,0.241482200000102,0.419381400000257,0.201985800000047
0.076676000000006,0.0014657,0.407852900000246,0.367994200000206,0.146011199999999
0.138978099999997,0.072729600000007,0.18623300000005,0.373590100000219,0.22846920000007
0.072835800000003,0.090240000000004,0.067235700000008,0.401431600000229,0.368256900000203
0.026163199999999,0.025175699999999,0.472184200000312,0.220209600000076,0.256267300000109
0.123984599999986,0.042387200000004,0.353902400000196,0.292088200000149,0.187637600000048
0.0324729,0.091468099999998,0.116871999999992,0.375971500000226,0.383215500000214
0.031367799999999,0.026525599999999,0.348257000000199,0.344600400000188,0.249249200000109
0.078031500000001,0.059346000000007,0.312912600000165,0.352219000000174,0.197490900000045
0.114324099999998,0.0118444,0.274728600000112,0.351833300000197,0.247269600000095
0.0236429,0.060098400000006,0.181150300000045,0.525598800000213,0.209509600000067
0.121586999999993,0.0329302,0.277269300000125,0.315796200000144,0.252417300000093
0.150737000000018,0.085337700000004,0.217276100000069,0.185713100000052,0.360936100000194
0.094209800000001,0.00118,0.229548900000074,0.502643600000343,0.172417700000022
0.091056700000006,0.047002300000003,0.36487870000021,0.217346100000064,0.27971620000013
0.0355091,0.021028199999999,0.383373100000232,0.37731260000021,0.182777000000041
0.017958499999999,0.0081252,0.477623100000323,0.281516000000128,0.214777200000073
0.149239900000006,0.024955699999998,0.232752300000086,0.344147800000183,0.248904300000089
0.110350899999988,0.066312400000007,0.265288300000118,0.333622000000186,0.224426400000066
0.049489600000004,0.090495899999998,0.203924700000063,0.319585800000155,0.336504000000174
0.042170500000002,0.035171400000001,0.137851099999989,0.589635699999985,0.195171300000049
0.070561900000007,0.051468300000005,0.164292500000018,0.360260900000219,0.353416400000191
0.06712990000001,0.0064897,0.295262300000147,0.445497000000269,0.185621100000035
0.101681499999995,0.0164918,0.097464600000005,0.376293600000207,0.408068500000243
0.0320556,0.0001251,0.307939800000156,0.439478600000271,0.220400900000065
0.024520699999999,0.081108800000004,0.344546600000198,0.375947200000217,0.173876700000039
0.084454900000007,0.056793800000004,0.17600020000003,0.416603900000261,0.266147200000124
0.082116900000004,0.021097699999999,0.211752700000058,0.517274800000273,0.16775790000001
0.0331917,0.0044003,0.276456200000126,0.355645200000195,0.330306600000159
0.029763199999999,0.018676,0.234130600000087,0.312374700000138,0.405055500000251
0.062157100000009,0.053204900000006,0.279270200000141,0.373686100000206,0.231681700000068
0.0090128,0.059206800000007,0.411580300000266,0.373066800000202,0.147133300000008
0.069539000000005,0.048467000000004,0.243555000000094,0.312945200000161,0.325493800000169
0.022567999999999,0.024716299999999,0.224339100000074,0.52817100000023,0.200205600000048
0.014565299999999,0.032163100000002,0.366266200000215,0.361498400000215,0.225507000000079
0.103315699999993,0.013108299999999,0.250956600000109,0.50197360000033,0.130645799999991
0.043852500000002,0.127042399999987,0.347828200000194,0.240952700000096,0.240324200000093
0.034325999999999,0.072663300000006,0.299796300000142,0.372918800000208,0.220295600000059
0.076590900000007,0.0123285,0.262504000000115,0.266159000000104,0.382417600000223
0.0854013,0.023302799999999,0.110174799999996,0.433837600000275,0.347283500000197
0.080721500000001,0.048453600000005,0.32682240000017,0.296391000000156,0.247611500000085
0.036816700000001,0.0001091,0.15637780000001,0.607325699999865,0.199370700000046
0.032731500000002,0.052849800000006,0.384697200000222,0.309107200000161,0.220614300000065
0.096125300000005,0.039254900000003,0.33455410000018,0.247853100000088,0.282212600000117
0.008349,0.039036300000001,0.355489100000208,0.312979600000148,0.284146000000115
0.106870799999997,0.020360999999999,0.275293000000127,0.273283600000124,0.324191600000163
0.074791000000006,0.086881399999999,0.123680599999995,0.378007700000226,0.336639300000167
0.080929100000005,0.029451499999999,0.278107900000135,0.263871500000105,0.347640000000183
0.066643100000007,0.028809599999999,0.296903200000138,0.305863800000153,0.301780300000135
0.115447699999993,0.063153600000008,0.255005500000097,0.335861100000166,0.230532100000067
0.092139700000001,0.058339000000008,0.164085400000024,0.336223100000173,0.349212800000201
0.094352899999999,0.0054474,0.389166100000242,0.300611700000154,0.210421900000067
0.183300100000041,0.144718699999999,0.216111700000071,0.277091200000118,0.178778300000031
0.098522099999999,0.0954686,0.288706000000137,0.320640800000162,0.196662500000047
0.120355699999989,0.031214499999999,0.266359200000119,0.292441600000138,0.289629000000133
0.020924399999999,0.039375700000004,0.380057300000231,0.388554100000235,0.171088500000024
0.063795700000007,0.109498699999996,0.237019000000081,0.327282700000159,0.262403900000102
0.138589999999999,8.12000000000011E-05,0.169035700000027,0.550382600000145,0.141910499999997
0.0948217,0.011968599999999,0.259050300000127,0.479921000000322,0.154238400000009
0.0269899,0.024983599999999,0.236660500000093,0.280186700000125,0.43117930000026
0.027700399999999,0.124662099999988,0.314135600000168,0.261067200000112,0.272434700000104
0.174388600000029,0.135217199999997,0.046923100000002,0.350484000000189,0.292987100000127
0.0137632,0.0001296,0.287321000000135,0.40831190000025,0.290474300000147
0.101213099999994,0.06522000000001,0.272507500000125,0.457486700000292,0.103572699999994
0.018920499999999,0.043780400000006,0.27618370000013,0.370326200000213,0.290789200000137
0.0186913,0.078080000000005,0.346780200000192,0.223977100000076,0.332471400000183
0.038126100000002,0.035257100000001,0.297698200000155,0.250473200000102,0.378445400000221
0.038386500000002,0.029528999999999,0.105318999999999,0.418147700000265,0.408617800000244
0.043468600000004,0.076966400000005,0.316189800000159,0.305569800000144,0.257805400000098
0.087831899999999,0.080362500000002,0.183873700000037,0.262353000000122,0.385578900000222
0.179110200000025,0.084210200000002,0.105171899999998,0.220914200000068,0.410593500000255
0.023153899999999,0.072934600000006,0.393103900000243,0.32104200000017,0.189765600000036
0.0911171,0.064650400000011,0.293076800000151,0.247550300000102,0.303605400000142
0.088589300000007,0.030523799999999,0.136894600000002,0.505636400000314,0.238355900000071
0.197036500000063,0.114973399999997,0.091697000000003,0.261668100000097,0.334625000000176
0.212367000000071,0.056026400000006,0.172075600000016,0.347995000000192,0.211536000000054
0.126436899999989,0.056499300000006,0.12195629999999,0.458708100000287,0.236399400000076
0.177470800000036,0.075106500000003,0.195327800000057,0.312172500000138,0.239922400000089
0.143872300000006,0.037149100000001,0.197686100000054,0.387976500000234,0.233316000000081
0.106290099999992,0.141550100000003,0.120941699999999,0.248902200000094,0.382315900000208
0.079110300000006,0.0982836,0.245755200000098,0.297356200000152,0.279494700000129
0.048206600000004,0.0082652,0.123352399999989,0.47320550000031,0.34697030000019
0.079808400000004,0.0001826,0.338957600000188,0.369688000000219,0.211363400000052
0.128849199999992,0.100121999999999,0.164740700000024,0.276094800000116,0.330193300000177
0.077743800000003,5.51000000000005E-05,0.167771400000033,0.456165900000295,0.298263800000127
0.062833500000007,0.0326719,0.20370480000006,0.401478400000241,0.299311400000143
0.057094700000007,0.070133300000007,0.38337510000023,0.150896400000009,0.338500500000173
0.144100000000003,8.28000000000012E-05,0.217311100000079,0.46649150000031,0.172014600000026
0.1012167,0.111186799999995,0.066232000000009,0.491848100000331,0.229516400000068
0.100239399999997,0.033490299999999,0.237459900000096,0.389978600000227,0.238831800000081
0.031088399999999,0.082562900000005,0.140985800000002,0.49638690000033,0.248976000000082
0.036693,0.088159500000002,0.200718700000057,0.446462300000281,0.227966500000078
0.093243499999996,0.062569900000007,0.388841000000234,0.319485300000143,0.135860300000002
0.044246000000002,0.076806600000003,0.148052400000006,0.454274400000281,0.276620600000109
0.088183600000001,0.135471999999993,0.278766000000135,0.244157500000084,0.253420900000083
0.060546900000008,0.0019777,0.51454740000028,0.250391700000103,0.172536300000035
0.057375000000006,0.066033400000007,0.138533499999995,0.336848600000191,0.401209500000243
0.052139900000008,0.043146400000004,0.278605000000121,0.390425900000229,0.235682800000078
0.185588300000044,0.0079058,0.132337999999997,0.354000600000188,0.320167300000164
0.0137115,0.049118100000006,0.235395900000091,0.442525400000287,0.259249100000099
0.089004599999998,0.034993600000001,0.139655999999997,0.343168100000178,0.393177700000236
0.0334675,0.0077851,0.260106100000114,0.445021800000279,0.253619500000107
0.181561600000034,0.099559199999999,0.228703200000081,0.235029400000071,0.2551466000001
0.021341699999999,0.0033854,0.331975500000175,0.303704600000152,0.339592800000186
0.072653600000005,0.086841100000007,0.1401125,0.350443400000202,0.349949400000195
0.075186400000002,0.057091000000006,0.229794900000079,0.362748700000204,0.275179000000116
0.087082600000003,0.128401499999987,0.32474510000017,0.190993700000042,0.26877710000011
0.085816600000005,0.061420100000007,0.208936900000059,0.341700100000188,0.302126300000148
0.119007399999993,0.047227500000004,0.249324300000102,0.299624100000151,0.284816700000115
0.095990399999995,0.06529220000001,0.43696040000028,0.188246400000043,0.213510600000063
0.102991699999996,0.069526200000005,0.20171140000005,0.414302200000238,0.211468500000055
0.121546899999992,0.030523299999999,0.182993300000044,0.32444480000016,0.340491700000172
0.0992013,0.039967300000002,0.230768300000073,0.3668230000002,0.263240100000117
0.13058619999999,0.029453099999999,0.269005300000126,0.257238500000113,0.313716900000156
0.073201300000004,0.021307399999999,0.206404700000052,0.435644400000265,0.263442200000118
0.041986600000001,0.093904699999997,0.342468100000194,0.303448600000143,0.218192000000058
0.131585299999989,0.095813899999999,0.20191330000006,0.329138600000165,0.241548900000094
0.0063001,0.117901899999992,0.425671200000272,0.324328000000176,0.125798799999987
0.044574900000003,0.014644399999999,0.126975399999988,0.358464200000201,0.455341100000283
0.076809300000007,0.021372599999999,0.155826600000022,0.478589400000315,0.267402100000114
0.041503900000002,0.036146900000002,0.233040700000075,0.254927700000104,0.434380800000268
0.046123200000002,0.0399284,0.352111800000197,0.397908900000228,0.163927700000008
0.062044900000009,0.011286999999999,0.207289800000073,0.519005000000269,0.200373300000043
0.021553699999999,0.064438300000009,0.230201900000079,0.318973100000156,0.364833000000202
0.097949199999996,0.063642000000009,0.156292200000017,0.43105520000027,0.251061400000093
0.178210900000042,0.0093503,0.157411000000011,0.345831600000186,0.309196200000165
0.088888299999996,0.0349746,0.274870600000133,0.344208900000184,0.257057600000098
0.246088300000102,0.0041062,0.192517600000034,0.39637370000024,0.160914200000012
0.179729500000022,0.020080299999999,0.340528500000187,0.219450000000069,0.240211700000086
0.19445950000004,0.033594099999999,0.051834300000004,0.292884400000122,0.427227700000258
0.138418,0.063961900000008,0.195582000000053,0.35026260000021,0.251775500000101
0.099573900000003,9.58000000000015E-05,0.27748660000013,0.308322500000143,0.314521200000144
0.134192699999997,0.0323658,0.377128200000222,0.235072100000072,0.221241200000083
0.121723799999995,0.037957300000002,0.258667500000112,0.302046200000147,0.279605200000119
0.070136300000008,0.0036551,0.275037800000131,0.396802400000247,0.254368400000091
0.152087200000008,0.036871200000001,0.114588099999991,0.462484200000294,0.23396930000008
0.069462700000003,0.042316700000001,0.26928830000012,0.418705300000263,0.200227000000056
0.102789699999996,0.095974999999998,0.099387600000005,0.413570100000252,0.288277600000126
0.111888699999991,0.077667500000005,0.167552700000025,0.413559900000262,0.229331200000083
0.093048699999999,0.064640200000008,0.182502100000042,0.370477900000209,0.289331100000136
0.053459200000006,0.0095605,0.536990000000188,0.253954800000102,0.146035499999998
0.086797999999997,0.063106300000005,0.177599700000029,0.340136300000191,0.332359700000171
0.075377200000003,0.039091100000002,0.312361300000151,0.323379200000155,0.249791200000092
0.034375100000002,6.28000000000007E-05,0.183565800000035,0.517499200000265,0.264497100000102
0.050109800000005,0.0085859,0.315287400000151,0.3639181000002,0.262098800000106
0.028301599999999,0.046545900000003,0.121863299999992,0.391433000000241,0.411856200000239
0.036182300000001,0.038811600000003,0.163951900000029,0.537719900000187,0.22333430000007
0.218625800000069,0.043257200000001,0.204684000000056,0.251782800000099,0.281650200000116
0.106137499999994,0.027294299999998,0.303222900000154,0.345087000000178,0.218258300000071
0.078483900000005,0.0113516,0.315631900000175,0.338671800000181,0.2558608000001
0.0902761,0.067775200000011,0.151551500000021,0.409936200000253,0.280461000000104
0.109332599999996,0.086676700000006,0.25474500000011,0.336451400000187,0.212794300000058
0.052936400000004,0.0141315,0.203838000000063,0.421105100000256,0.30798900000015
0.0344742,0.059711000000008,0.356088600000202,0.229002000000068,0.320724200000171
0.107516899999996,0.108431200000003,0.192098000000053,0.340712400000188,0.251241500000092
0.098696899999997,0.0333973,0.113678400000003,0.394810400000232,0.359417000000207
0.105540999999998,0.066410400000009,0.20201960000006,0.388661300000235,0.237367700000092
0.041718900000002,0.033114,0.156950800000023,0.497670100000319,0.270546200000118
0.028287299999999,0.036331700000001,0.176948500000034,0.412464100000255,0.345968400000185
0.18191000000004,0.035917400000002,0.171366500000028,0.387891800000226,0.222914300000073
0.120915999999989,0.045723200000004,0.123260399999992,0.357813900000209,0.352286500000196
0.029683999999999,0.0065076,0.392969100000235,0.350353500000207,0.220485800000066
0.066057200000009,0.051683500000006,0.246910900000095,0.365639600000211,0.269708800000108
0.068705200000005,0.042469100000001,0.294800800000149,0.297962500000128,0.296062400000127
0.048465400000005,0.018425099999999,0.277380300000127,0.486357900000327,0.169371300000018
0.041011300000001,0.047967500000005,0.275567600000123,0.265086200000115,0.370367400000205
0.060130500000006,0.057741600000008,0.250047700000108,0.492939200000326,0.139141
0.064591500000009,0.060479100000007,0.105199099999997,0.433703000000268,0.336027300000174
0.017569299999999,0.050869500000006,0.414254700000262,0.330974400000184,0.186332100000041
0.0249968,0.0091395,0.411388300000263,0.31543870000016,0.239036700000086
0.095432299999996,0.024237099999999,0.315094500000155,0.366915600000206,0.198320500000043
0.044424900000003,0.000138,0.36440150000022,0.256201200000096,0.334834400000182
0.118887099999994,0.024315499999999,0.2433996000001,0.349844500000184,0.263553300000112
0.105440799999998,0.103022899999993,0.251534800000111,0.314735800000166,0.225265700000068
0.101272899999996,0.027719999999999,0.154660300000015,0.478517400000313,0.237829400000082
0.189235600000043,0.028558099999999,0.157228400000022,0.459673400000317,0.165304500000012
0.161729800000021,0.146633100000006,0.237391500000097,0.282928900000124,0.171316700000027
0.085900700000002,0.097102399999997,0.128982099999985,0.455734400000287,0.232280400000078
0.000191,0.115684499999994,0.376389100000217,0.210489500000059,0.297245900000142
0.0890382,0.0001362,0.263024200000112,0.320405700000163,0.32739570000017
0.073334400000005,0.123611599999987,0.212806300000068,0.309743500000154,0.280504200000122
0.060419400000008,0.051043100000007,0.457291900000307,0.281929500000136,0.149316100000006
0.085015000000002,0.00708,0.285133600000133,0.358337300000199,0.264434100000119
0.124351599999994,0.098901200000002,0.281299900000134,0.313153000000152,0.182294300000026
0.042489800000002,0.018955099999999,0.269908900000121,0.457780200000302,0.210866000000061
0.038203100000001,0.035621600000001,0.197705600000057,0.374516600000229,0.35395310000019
0.018355399999999,0.0092876,0.381796800000239,0.372145900000219,0.218414300000072
0.0424741,0.160524500000026,0.190683800000038,0.254502500000092,0.351815100000184
0.043656000000001,0.080769500000005,0.253959300000093,0.417337300000253,0.204277900000042
0.12441619999999,0.026073299999999,0.246038000000108,0.316812700000162,0.286659800000118
0.067532900000009,0.067125800000007,0.144327000000003,0.260841900000123,0.460172400000293
0.035137900000001,0.018495499999999,0.14963840000002,0.443644900000286,0.353083300000199
0.096327500000001,0.034310200000001,0.223496400000063,0.240132300000075,0.405733600000242
0.102133099999998,0.232756500000082,0.0353305,0.426815600000264,0.202964300000052
0.098555100000003,0.0217542,0.413022900000255,0.281534100000118,0.18513370000004
0.155758300000022,0.026411199999999,0.209025500000073,0.224093900000064,0.384711100000217
0.080826999999999,0.033693599999999,0.275478700000123,0.347874200000185,0.262126500000098
0.089834500000001,0.0102095,0.376039500000224,0.294486600000128,0.229429900000078
0.036143000000001,0.066516600000006,0.102342899999997,0.417483000000261,0.377514500000207
0.039160100000002,0.0123588,0.573799200000016,0.215736400000063,0.158945500000019
0.056234500000007,0.031780299999999,0.20276520000005,0.526823500000219,0.182396500000035
0.0115749,0.074382300000004,0.392595500000231,0.188173900000033,0.333273400000159
0.116701899999989,0.0016146,0.228001400000075,0.415320800000251,0.23836130000008
0.149380900000003,0.0139056,0.156882400000015,0.289753300000132,0.390077800000221
0.024100699999999,0.039843000000002,0.318158700000166,0.304664400000154,0.313233200000153
0.130562799999993,0.023652499999999,0.435535400000276,0.277996700000117,0.132252599999992
0.040332200000002,0.078824300000003,0.140605600000007,0.541988500000145,0.198249400000052
0.007461,0.027232399999999,0.345910700000197,0.333108400000169,0.286287500000133
0.061810700000007,0.010332399999999,0.335114900000183,0.33167420000017,0.261067800000114
0.201054200000061,0.0078553,0.137050600000002,0.323584600000176,0.330455300000167
0.054874600000008,0.060050100000008,0.345232600000186,0.305253800000149,0.234588900000081
0.133719299999991,0.0045308,0.233780600000087,0.408174500000249,0.219794800000069
0.037066300000001,0.0002318,0.371706400000221,0.411659900000247,0.179335600000039
0.110550799999998,0.066048600000007,0.329292700000165,0.206365400000071,0.287742500000126
0.039961300000001,0.018108499999999,0.454764600000287,0.27320420000012,0.213961400000063
0.075644600000004,0.0142342,0.18412370000004,0.522294500000261,0.203703000000055
0.108899799999994,0.065961800000009,0.278685400000128,0.347877600000185,0.198575400000047
0.111320999999999,0.0184514,0.201917300000057,0.483335200000321,0.184975100000036
0.116383099999995,0.0344024,0.33315970000019,0.378983500000206,0.137071300000005
0.081278900000005,0.062241500000009,0.251284400000105,0.286907100000127,0.318288100000159
0.106457099999991,0.000223,0.358105000000214,0.372129800000218,0.163085100000024
0.063849600000011,0.088003500000002,0.231929100000086,0.383574200000221,0.232643600000075
0.057691000000008,0.0220879,0.19915390000006,0.341244400000185,0.379822800000217
0.058710900000007,0.060599900000005,0.135646,0.351560400000191,0.39348280000023
0.025901899999999,0.114493299999989,0.36198120000021,0.217375600000068,0.28024800000013
0.138072999999999,0.0133279,0.302397400000147,0.297702800000144,0.248498900000089
0.029256399999999,0.060840000000007,0.297869500000146,0.382284400000212,0.229749700000073
0.060773500000006,0.011606,0.31495040000016,0.323769900000148,0.28890020000013
0.137070500000001,0.045800800000002,0.240478900000089,0.30936420000015,0.267285600000116
0.073553100000004,0.081997800000001,0.342816400000195,0.23217530000008,0.269457400000109
0.050663500000005,0.049177000000005,0.29905420000014,0.325217200000179,0.275888100000128
0.032534000000001,0.094843699999998,0.25553360000011,0.371367100000211,0.245721600000094
0.292651000000139,0.050356300000005,0.0294654,0.377963700000212,0.249563600000092
0.0121277,0.115484699999994,0.18834190000004,0.362425900000196,0.321619800000156
0.161941600000018,0.017038299999999,0.346925000000191,0.216903100000076,0.257192000000102
0.063128000000007,0.046779500000005,0.154070500000015,0.479931800000317,0.256090200000102
0.083585000000004,0.087516500000003,0.128951099999985,0.465926100000311,0.234021300000085
0.151978400000011,0.020634599999999,0.219390200000077,0.336447700000191,0.271549100000104
0.021515899999999,0.052579300000006,0.193245100000055,0.424401800000262,0.308257900000139
0.150258600000005,0.0329112,0.218186100000072,0.406445800000245,0.192198300000054
0.01917,0.022968599999999,0.297776200000172,0.405362600000239,0.254722600000079
0.185853400000057,0.037686700000001,0.221685000000068,0.232895700000068,0.321879200000152
0.038362700000001,0.033392,0.43621860000028,0.161370500000032,0.330656200000178
0.122446199999988,0.063768100000011,0.188448800000054,0.268877100000116,0.356459800000194
0.0345806,0.053973300000007,0.490989700000326,0.183104400000033,0.237352000000081
0.0068903,0.069549800000008,0.339720500000179,0.289443400000121,0.294396000000129
0.092699799999999,0.107323899999995,0.133355499999995,0.298031000000144,0.368589800000209
0.054067100000007,0.0001176,0.231367400000088,0.545235700000143,0.169212200000017
0.132843099999996,0.033028300000001,0.234010900000097,0.24297520000008,0.357142500000202
0.014374999999999,0.101040399999995,0.271429800000126,0.343069700000194,0.270085100000124
0.093776499999999,0.166209300000017,0.349844600000199,0.177442100000043,0.212727500000062
0.017784,0.058208500000008,0.171824100000028,0.545375800000154,0.20680760000005
0.0236819,0.045652200000003,0.27761580000012,0.303885000000149,0.349165100000189
0.054146200000004,0.033136700000001,0.117938300000002,0.570299000000074,0.22447980000007
0.0096561,0.026498499999999,0.368754200000214,0.365663900000217,0.229427300000073
0.060851000000007,0.0963447,0.240372500000094,0.291535600000133,0.31089620000016
0.090285900000007,0.027182699999999,0.122604599999989,0.390016100000223,0.369910700000195
0.152442800000015,0.0316461,0.195426400000055,0.228346000000081,0.392138700000222
0.152731600000005,0.020399499999999,0.274209700000132,0.260003900000114,0.292655300000141
0.046669700000004,0.0809437,0.218049100000065,0.35057000000018,0.30376750000014
0.049894700000003,0.042661900000002,0.196598200000049,0.495341400000325,0.215503800000059
0.095471899999999,0.121720799999986,0.180431100000051,0.326520800000176,0.275855400000122
0.080675300000005,0.019802499999999,0.368296800000217,0.318928400000139,0.212297000000054
0.20794720000006,0.020246999999999,0.118831599999993,0.392898800000216,0.260075400000108
0.048268300000002,0.081257300000004,0.235783600000085,0.301713700000152,0.332977100000174
0.034716000000001,0.019712799999999,0.289863400000154,0.389276600000223,0.266431200000127
0.102866099999992,0.058281300000007,0.283692900000126,0.390868100000227,0.164291600000019
0.135247499999988,0.092184699999995,0.183631300000047,0.32677990000017,0.262156600000105
0.079693400000003,0.041960200000003,0.263310000000108,0.301122800000137,0.31391360000017
0.14739490000001,0.014968599999999,0.238692500000105,0.304635200000153,0.29430880000014
0.112714599999989,0.011818399999999,0.28369690000013,0.350692800000192,0.24107730000009
0.125701199999992,0.0357005,0.40745760000025,0.231516800000092,0.199623900000052
0.045677700000004,0.024100599999999,0.085889900000007,0.626535699999827,0.217796100000064
0.235362200000092,0.067018700000004,0.213436900000066,0.317732400000154,0.16644980000002
0.047518500000003,0.129563599999992,0.237024000000084,0.281466700000124,0.304427200000144
0.063734700000007,0.0222892,0.394359600000239,0.233566400000092,0.286050100000131
0.030766899999999,0.037168800000002,0.3500427000002,0.327861500000166,0.254160100000089
0.123358699999986,0.021969499999999,0.193965400000051,0.409188400000255,0.251518000000094
0.127315799999991,0.0043834,0.105567999999994,0.439430700000278,0.323302100000163
0.135504699999993,0.028326799999999,0.110274799999997,0.364184800000207,0.361708900000213
0.063223500000007,0.026978599999999,0.113892699999997,0.517359700000273,0.278545500000121
0.074466400000003,0.035847400000001,0.177829400000038,0.597244299999907,0.114612499999989
0.0130726,0.062679600000009,0.449898300000289,0.271016400000127,0.203333100000058
0.114044999999992,0.124681499999985,0.227770600000085,0.307183400000153,0.22631950000007
0.126787699999985,0.022087999999999,0.288167800000132,0.27399280000011,0.288963700000132
0.034653300000001,0.0006952,0.46231280000031,0.30898230000016,0.19335640000004
0.253609900000109,0.045878400000003,0.177440200000039,0.2508109000001,0.272260600000129
0.173596600000034,0.055488300000008,0.110418899999996,0.338783200000177,0.321713000000173
0.154483100000007,0.041589100000003,0.117049599999992,0.331785800000169,0.355092400000193
0.0342768,0.050389100000003,0.218658000000074,0.342648800000205,0.354027300000188
0.020411199999999,0.020469799999999,0.420020900000255,0.315357900000153,0.223740200000064
0.120692799999995,0.0252007,0.32680380000017,0.277051900000116,0.250250800000084
0.100515199999996,0.079500500000005,0.134230000000002,0.399953200000241,0.285801100000135
0.033568600000001,0.045921900000004,0.514390600000278,0.286342300000142,0.11977659999999
0.070898700000006,0.077926300000005,0.370513900000223,0.294761800000141,0.185899300000036
0.085992899999999,0.043304900000002,0.32555420000018,0.361552000000208,0.183596000000038
0.067514900000013,0.0166053,0.154421900000011,0.499443800000335,0.262014100000104
0.0342943,0.0082829,0.108840999999996,0.347469100000188,0.50111270000033
0.043725100000004,0.019643499999999,0.371893400000229,0.234661300000096,0.330076700000182
0.115065499999988,0.023968699999999,0.364095900000214,0.25913310000011,0.23773680000009
0.094233499999998,0.030485599999999,0.220835600000068,0.399746400000237,0.254698900000096
0.112532299999992,0.070356500000007,0.222213500000083,0.338820200000173,0.256077500000103
0.0203142,0.076011700000005,0.192070100000045,0.318995600000164,0.39260840000023
0.044250200000003,0.057071100000006,0.338430400000193,0.297145900000134,0.263102400000098
0.043995900000002,0.046777400000004,0.267858400000124,0.407588500000257,0.233779800000084
0.0291423,0.164122400000026,0.27271940000012,0.258945100000106,0.275070800000117
0.0023535,6.57000000000008E-05,0.227134900000083,0.49210800000032,0.278337900000119
0.075546700000007,0.102538499999994,0.182160700000045,0.366351300000198,0.273402800000127
0.088408700000002,0.043158300000002,0.213870000000064,0.376154500000214,0.27840850000012
0.045571700000004,0.0226487,0.331765700000181,0.355024500000186,0.244989400000084
0.0065852,0.136009599999998,0.284619500000123,0.345582000000181,0.227203700000081
0.128871999999997,0.011706599999999,0.176319900000031,0.397265500000225,0.285836000000128
0.103080300000001,0.094404599999997,0.0935349,0.371458200000218,0.337522000000167
0.065147700000008,0.0003612,0.188289300000042,0.320960700000169,0.425241100000259
0.168611500000027,0.0325819,0.223002400000086,0.388134100000222,0.187670100000038
0.120803599999993,0.0107814,0.381098200000223,0.30117500000014,0.186141800000037
0.115907399999989,0.0015822,0.142512900000008,0.353177100000202,0.386820400000203
0.191742100000052,0.057451500000006,0.312688200000156,0.250191300000096,0.187926900000041
0.0194369,0.052751100000006,0.357623100000201,0.39507560000024,0.175113300000034
0.039874100000001,0.071983600000006,0.217914000000066,0.302701700000152,0.367526600000207
0.088003500000002,0.054950400000006,0.238532700000086,0.333409000000157,0.285104400000115
0.038699800000001,0.181676300000041,0.298167600000137,0.314486000000154,0.166970300000018
0.093459700000001,0.018682599999999,0.323983100000171,0.392392200000224,0.171482400000031
0.093069199999997,0.0073618,0.478355700000323,0.20058630000006,0.220627000000066
0.088111,0.063329700000008,0.200542200000059,0.355573600000205,0.29244350000014
0.087190400000001,0.0978094,0.247190000000098,0.329765900000173,0.238044300000089
0.097435899999996,0.078028900000005,0.236206200000069,0.353343900000202,0.234985100000076
0.020271499999999,0.043197900000004,0.285116000000133,0.353795500000203,0.297619100000125
0.030407799999999,0.0248145,0.284310000000138,0.340038400000173,0.32042930000016
0.029760599999999,0.0102711,0.336958400000182,0.328302400000188,0.294707500000135
0.091260099999997,0.0236604,0.289524000000138,0.230051400000078,0.365504100000203
0.022071799999999,0.035957300000001,0.271057300000128,0.275320600000126,0.395593000000231
0.0253339,0.029273199999999,0.311050900000145,0.462571500000292,0.171770500000031
0.072608300000007,0.081021100000003,0.35788500000021,0.288344200000127,0.200141400000047
0.011980999999999,0.035516200000003,0.235306700000101,0.500614200000332,0.216581900000067
0.036307700000001,0.057766100000006,0.337499600000185,0.279438200000135,0.288988400000136
0.083285300000005,0.164539500000019,0.216327200000069,0.236725700000095,0.299122300000137
0.077115900000001,0.029169899999999,0.205037800000058,0.278090000000113,0.410586400000244
0.157790800000016,0.151100700000012,0.216516500000069,0.255439400000094,0.219152600000064
0.0877414,0.0003388,0.232598100000089,0.355634900000196,0.323686800000159
0.072958500000005,0.022026499999999,0.425620300000262,0.303907900000143,0.175486800000024
0.047082500000003,0.077086500000006,0.356386100000196,0.288111100000135,0.231333800000085
0.111882699999992,0.067992700000008,0.308668300000161,0.288184800000132,0.223271500000068
0.043735100000002,0.050957600000005,0.289153600000139,0.304972500000164,0.311181200000151
0.163247700000021,0.089135900000001,0.276323400000127,0.31103510000015,0.160257900000015
0.0186763,0.079437100000007,0.290169700000141,0.32942760000016,0.282289300000108
0.197737100000056,0.053368900000005,0.191024600000043,0.31463890000016,0.24323050000008
0.0150457,0.052270000000006,0.279248600000129,0.384113600000213,0.269322100000119
0.047305000000004,0.032976899999999,0.17951480000004,0.467173800000309,0.273029500000115
0.049931500000005,0.012076299999999,0.463397800000304,0.27508690000013,0.199507500000063
0.170925400000032,0.0087526,0.203257100000045,0.28700640000013,0.330058500000167
0.089065200000001,0.082341100000003,0.300975600000141,0.256631600000096,0.270986500000111
0.059805200000007,0.025497599999999,0.427110400000271,0.39618860000023,0.0913982
0.122605199999986,0.058389400000007,0.120968999999995,0.599012799999892,0.099023599999994
0.047760400000005,0.035894300000002,0.34212940000018,0.266751100000112,0.307464800000152
0.110291199999996,0.088798500000003,0.171768700000026,0.368633700000195,0.260507900000094
0.056217800000005,0.026657299999999,0.236178100000087,0.465553900000286,0.21539290000007
0.025485599999999,0.090344800000004,0.277312000000125,0.48052320000032,0.126334399999986
0.148296700000006,0.031458599999999,0.097959,0.397790500000241,0.324495200000161
0.107290899999996,0.042098100000003,0.199845900000058,0.362947200000195,0.287817900000135
0.097222100000002,0.029983599999999,0.326920700000172,0.288274900000131,0.257598700000093
0.056156900000007,0.056924600000006,0.207786800000066,0.42778610000026,0.251345600000099
0.101539099999997,0.0003364,0.333034100000195,0.304775900000154,0.260314500000103
0.043845900000002,0.066319200000009,0.169689800000029,0.416119900000258,0.304025200000146
0.166898800000025,0.151664900000008,0.080201700000004,0.29720630000015,0.304028300000156
0.027385899999999,0.116289399999995,0.228879700000088,0.334226100000171,0.29321890000013
0.0174096,0.090314300000006,0.23356700000009,0.291800600000143,0.36690850000021
0.069558100000006,0.007995,0.176179300000032,0.410290200000248,0.33597740000019
0.026662399999999,0.127386999999986,0.330869400000172,0.353874000000194,0.161207200000024
0.078013100000008,0.149011800000012,0.230411600000085,0.364803500000207,0.177760000000035
0.076865300000003,0.016943199999999,0.350480800000201,0.358276000000204,0.19743470000006
0.167894300000029,0.058597100000007,0.151940800000009,0.426191500000261,0.195376300000052
0.067279400000008,0.0132208,0.543897100000152,0.224401800000074,0.151200900000013
0.1020355,0.003233,0.225837300000081,0.374148400000211,0.294745800000133
0.090298799999999,0.039039900000003,0.176815600000034,0.481958800000306,0.211886900000058
0.086998200000005,0.095535199999999,0.235110400000093,0.336301400000167,0.246054800000106
0.0963821,0.061039000000009,0.188832300000051,0.381997100000219,0.271749500000118
0.038072100000003,0.070772600000007,0.221767100000077,0.292782100000132,0.376606100000213
0.088180700000005,0.0048562,0.245916400000105,0.267796200000107,0.39325050000023
0.122390199999994,0.096336699999996,0.324970200000172,0.207179600000062,0.249123300000108
0.042494700000002,0.0063025,0.24371910000009,0.365288200000201,0.342195500000178
0.039746800000002,0.084674900000003,0.369444700000223,0.266786300000112,0.239347300000088
0.0054696,0.027178199999999,0.418673000000271,0.264563600000106,0.284115600000121
0.110652599999998,0.033429199999999,0.132794399999997,0.350257100000182,0.37286670000021
0.15830660000002,0.049147700000004,0.331190600000176,0.20685170000006,0.254503400000097
0.045185200000001,0.137934299999996,0.295573700000151,0.316731600000165,0.204575200000061
0.071283900000011,0.024938699999999,0.348940800000193,0.297367300000138,0.257469300000094
0.049414000000004,0.160578300000024,0.214326000000064,0.416971500000256,0.158710200000025
0.054115100000005,0.049863100000005,0.322600900000164,0.335525400000167,0.237895500000071
0.065799100000008,0.043250100000002,0.380527000000223,0.196026900000058,0.314396900000159
0.017415399999999,0.0063369,0.19576180000006,0.460582400000283,0.319903500000167
0.031189299999999,0.075191000000004,0.381540000000218,0.27814340000013,0.23393630000008
0.048423500000003,0.038965000000001,0.202377500000057,0.473445000000318,0.23678900000008
0.093508900000004,0.20666560000006,0.154600400000013,0.305434600000152,0.239790500000082
0.0359058,0.054669000000006,0.331503100000176,0.233511500000078,0.344410600000177
0.086848800000004,0.076111700000004,0.240642500000102,0.210586600000065,0.385810400000225
0.17795580000003,0.087528400000001,0.26617490000011,0.200165700000056,0.268175200000117
0.044409800000001,0.067474800000008,0.401983600000253,0.205193600000062,0.280938200000129
0.0847023,0.0003346,0.21136720000006,0.516053400000269,0.187542500000041
0.128069499999989,0.0171415,0.235971100000085,0.362387100000193,0.256430800000106
0.160927700000019,0.109544299999995,0.158390500000022,0.208621700000062,0.362515800000203
0.18577000000004,0.016529899999999,0.345857500000187,0.193858700000052,0.257983900000108
0.089622300000005,0.0043776,0.187172800000045,0.464013200000291,0.254814100000097
0.143081900000005,0.113327599999995,0.338872900000185,0.217043500000065,0.187674100000042
0.046758100000002,0.097273900000006,0.307475200000158,0.398597300000231,0.14989550000001
0.030899999999999,0.0152111,0.28768050000015,0.404922700000247,0.261285700000095
0.039609400000002,0.056842700000006,0.267516900000115,0.21413870000008,0.421892300000256
0.127624399999988,0.070502300000005,0.0933348,0.363709600000205,0.344828900000174
0.137599099999995,0.075843300000005,0.218638600000074,0.389674100000241,0.178244900000033
0.0262763,0.049081600000004,0.329096700000171,0.262058100000102,0.333487300000171
0.072377500000008,0.066752200000009,0.362492800000212,0.315016800000162,0.18336070000003
0.17812990000003,0.0001499,0.185947400000041,0.195925700000045,0.43984710000028
0.071367900000006,0.052883200000006,0.205318500000063,0.417833800000259,0.2525966000001
0.21884610000006,0.052960500000005,0.188367800000045,0.267976300000119,0.27184930000011
0.0099873,0.132809599999994,0.318690000000176,0.340414700000184,0.198098400000048
0.110671899999999,0.073482200000007,0.139628800000001,0.383759600000236,0.292457500000129
0.090165099999997,0.046931200000003,0.404275800000244,0.251653600000097,0.206974300000072
0.0213032,0.078561900000002,0.228294600000084,0.378808200000213,0.29303210000013
0.082625500000001,0.0164767,0.464532900000312,0.160500000000015,0.275864900000128
0.066728100000007,0.0042855,0.245921600000108,0.370113600000216,0.312951200000161
0.055473400000006,0.046511600000003,0.214541100000069,0.374732900000215,0.308741000000141
0.154519100000016,0.052767100000003,0.2602456000001,0.353288200000199,0.179180000000028
0.091526800000002,0.028056199999998,0.307024900000164,0.32620900000017,0.247183100000091
0.048342100000002,0.0122001,0.263963700000117,0.385872600000226,0.289621500000127
0.0385485,0.012215899999999,0.349911400000195,0.371018000000202,0.22830620000008
0.064614700000008,0.057235400000006,0.261840200000111,0.439532700000274,0.17677700000003
0.084829500000003,0.0176754,0.332282200000177,0.306977100000154,0.2582358000001
0.192184300000048,0.081342900000002,0.225093200000087,0.234018700000069,0.267360900000111
0.081184300000004,0.036834800000001,0.296004400000142,0.395166900000239,0.190809600000046
0.105256400000001,0.0024694,0.273641900000117,0.185354900000044,0.433277400000275
0.093765600000002,0.062758700000009,0.319073600000165,0.363429000000209,0.160973100000027
0.044829600000004,0.0065998,0.31863160000016,0.324490600000176,0.30544840000015
0.117885199999995,0.091906400000002,0.312640100000165,0.246793900000102,0.230774400000082
0.103705399999995,0.028037099999999,0.1253398,0.497687300000349,0.245230400000102
0.043233200000004,0.0132345,0.343777700000196,0.270506500000122,0.329248100000155
0.065666600000006,0.077243200000008,0.175289200000038,0.271044200000124,0.410756800000232
0.045178500000003,0.083044300000001,0.261391000000106,0.306607500000143,0.303778700000143
0.0348739,0.027442399999999,0.388006100000225,0.287651600000134,0.262026000000096
0.042428700000003,0.029508499999999,0.197891700000063,0.487002500000323,0.243168600000081
0.166339900000017,0.0156372,0.237632700000087,0.255854800000124,0.324535400000161
0.040247900000001,0.051792300000006,0.294349000000135,0.364704700000198,0.24890610000008
0.058972100000006,0.0036462,0.374793600000216,0.299114000000139,0.263474100000103
0.0153772,0.059453600000009,0.350586800000199,0.19608400000005,0.378498400000227
0.098038799999998,0.055047400000005,0.350296700000194,0.229234300000075,0.267382800000112
0.028759599999999,9.02000000000013E-05,0.373665400000218,0.285355900000145,0.31212890000015
0.133044499999987,0.031355599999999,0.178109700000039,0.297217400000147,0.360272800000179
0.087238200000001,0.060445100000007,0.260853100000116,0.378691500000221,0.212772100000059
0.091609199999997,0.111420099999997,0.308214600000144,0.332792400000174,0.155963700000016
0.0348095,0.048725400000002,0.239402200000088,0.376547100000216,0.300515800000136
0.092135599999999,0.097676999999994,0.150196100000014,0.452337300000274,0.207654000000047
0.120873099999993,0.061863300000005,0.376850800000223,0.30919210000015,0.131220699999989
0.106762699999992,0.069818200000007,0.317490900000182,0.243984300000096,0.261943900000107
0.120076699999996,0.045652800000004,0.151193500000016,0.442136100000286,0.240940900000081
0.110548799999994,0.059975900000007,0.304286800000156,0.299863100000143,0.225325400000075
0.159405600000015,0.022964399999999,0.240569400000094,0.330116900000167,0.246943700000099
0.137752500000002,0.0353656,0.443682500000288,0.206979500000058,0.176219900000036
0.084739700000002,0.020527299999999,0.364398900000214,0.359808800000187,0.170525300000025
0.037912500000001,0.064401000000009,0.218102400000082,0.553284800000157,0.126299299999989
0.155060000000017,0.018766,0.289768900000142,0.251659400000106,0.284745700000126
0.098842400000001,0.06456990000001,0.468771800000312,0.2465498000001,0.121266099999989
0.048057600000002,0.086663599999998,0.374502100000215,0.19224660000005,0.298530100000144
0.127049699999991,0.0222466,0.115369399999995,0.408615800000245,0.326718500000156
0.022150399999999,0.038471300000003,0.22721630000009,0.405813900000255,0.306348100000155
0.129861199999996,0.019849499999999,0.188576200000048,0.3604586000002,0.301254500000138
0.0182543,0.082336100000003,0.222969500000076,0.37300750000022,0.303432600000152
0.160979200000018,0.107223799999993,0.138709999999995,0.251997800000101,0.341089200000167
0.092898200000002,0.0321214,0.231932300000085,0.474100400000313,0.16894770000002
0.116339399999993,0.055137400000007,0.108997699999999,0.361590200000199,0.357935300000194
0.0035292,0.0053533,0.211310800000062,0.454706700000296,0.32510000000015
0.015510799999999,0.101979399999999,0.253580300000107,0.412753300000253,0.216176200000061
0.105867899999995,0.093769299999999,0.207861200000067,0.436862000000292,0.155639600000016
0.046533600000004,0.058765500000006,0.351680500000201,0.234762400000084,0.308258000000143
0.013227399999999,0.1060057,0.142890600000004,0.344645200000189,0.393231100000229
0.026626199999999,0.023562499999999,0.325320400000187,0.254067800000102,0.370423100000216
0.050161400000004,0.0324593,0.235507200000096,0.443005700000273,0.238866400000084
0.146396600000005,0.057543800000009,0.360885800000209,0.208803300000048,0.226370500000075
0.044957300000005,0.035421700000003,0.360442600000203,0.276170000000128,0.283008400000114
0.095024699999997,0.155369500000009,0.176048900000029,0.408029900000253,0.165527000000023
0.043728300000002,0.093473199999998,0.160627400000023,0.548789100000158,0.153382000000013
0.06659210000001,0.026938099999999,0.232167200000079,0.468278800000312,0.206023800000069
0.160943400000022,0.027381599999999,0.146665500000013,0.18975480000005,0.475254700000311
0.018633399999999,0.129273899999989,0.346233300000194,0.297513800000147,0.208345600000064
0.055088000000004,0.0004763,0.288449600000143,0.473654700000311,0.18233140000003
0.065245500000004,0.06027370000001,0.260444200000115,0.396786000000243,0.217250600000061
0.104677699999995,0.082610900000007,0.254471600000108,0.317452700000163,0.240787100000083
0.100282599999996,0.033291300000002,0.266033000000111,0.290674900000119,0.309718200000137
0.052485600000004,0.027539499999999,0.2480682000001,0.32250320000016,0.349403500000192
0.0370388,0.0001363,0.342880800000184,0.377536800000221,0.242407300000083
0.148555900000007,0.0339149,0.160643000000017,0.34719510000019,0.30969110000014
0.108840099999996,0.0150789,0.234757200000093,0.462443000000294,0.17888080000004
0.058516700000006,0.064642500000008,0.226868400000083,0.437308200000279,0.21266420000006
0.190393100000053,0.039611800000001,0.156861200000015,0.482640700000307,0.130493199999988
0.028863199999999,0.049710400000006,0.419875700000268,0.362262900000197,0.139287800000001
0.029565699999999,0.029828399999999,0.354395600000194,0.295051600000143,0.291158700000125
0.083299499999999,0.067982600000008,0.384952400000228,0.208072200000075,0.255693300000088
0.080175400000003,0.025893,0.253974500000118,0.250164500000091,0.389792600000213
0.051277500000005,0.109908499999998,0.360391800000206,0.252135800000094,0.226286400000071
0.056892600000005,0.087150299999999,0.260268600000107,0.349440700000199,0.246247800000095
0.054520300000004,0.0175849,0.202735400000052,0.4587130000003,0.266446400000113
0.040738700000001,0.085514300000005,0.246836100000096,0.278679500000127,0.348231400000191
0.130495699999991,0.060656400000009,0.230770000000085,0.299695300000159,0.278382600000116
0.123833799999988,0.044988300000002,0.176654100000038,0.403264300000237,0.251259500000096
0.109986999999998,0.066966700000006,0.34011850000019,0.260587900000104,0.222339900000063
0.0186588,0.122853299999992,0.200254400000063,0.405844900000237,0.252388600000098
0.13058279999999,0.024619699999999,0.420594500000276,0.259621900000111,0.164581100000017
0.0031228,0.020737899999999,0.368970200000216,0.369503700000218,0.237665400000087
0.157594700000019,0.041806700000002,0.247734200000091,0.275504300000125,0.277360100000125
0.0243569,0.078122700000003,0.229060200000085,0.317159100000172,0.351301100000178
0.156884900000022,0.020235099999999,0.046982200000002,0.528478400000223,0.247419400000087
0.0087151,0.05566540000001,0.213723700000063,0.496948300000325,0.224947500000069
0.133883099999996,0.064573400000009,0.274375300000124,0.301845500000131,0.225322700000067
0.027156599999999,0.020716099999999,0.440207600000292,0.342731600000199,0.169188100000022
0.091486200000002,0.234882700000089,0.199726200000049,0.284161700000122,0.189743200000038
0.102317399999994,0.093608399999998,0.320002100000169,0.173996700000028,0.310075400000157
0.143600300000002,0.095794300000001,0.178474700000024,0.28186740000013,0.300263300000139
0.146569099999998,0.0214448,0.184124200000041,0.311203400000146,0.336658500000175
0.094497999999999,0.116799999999994,0.232027100000082,0.329426900000164,0.227248000000086
0.065315700000005,0.06591110000001,0.211310400000076,0.414922700000256,0.242540100000079
0.017985599999999,0.072439600000005,0.251987300000089,0.302787900000146,0.354799600000174
0.035169600000002,0.051905300000005,0.382198700000214,0.276014000000122,0.254712400000098
0.0200664,0.0198411,0.393433400000242,0.285496400000135,0.281162700000116
0.0125623,0.016180599999999,0.258995100000103,0.417428100000247,0.294833900000129
0.030282499999999,0.046337000000004,0.327539400000176,0.275085000000116,0.320756100000164
0.142083800000001,0.157111100000013,0.110795200000003,0.202327900000041,0.387682000000231
0.062823300000011,0.0084374,0.266092300000118,0.275343200000131,0.387303800000216
0.100032299999998,0.020244999999999,0.310343900000148,0.231964200000089,0.337414600000175
0.134683899999994,0.0081646,0.225172000000074,0.436161400000273,0.195818100000048
0.071420500000007,0.056188400000006,0.200742100000057,0.35307290000019,0.31857610000015
0.074865300000004,0.043478300000002,0.12381129999999,0.577761499999984,0.180083600000047
0.198552300000053,0.015390199999999,0.254430600000112,0.339681600000178,0.191945300000047
0.0113217,0.101088799999999,0.251880500000107,0.474007100000315,0.161701900000022
0.029005299999999,0.042014400000004,0.356623900000199,0.386218500000217,0.186137900000044
0.190066600000052,0.053636100000005,0.15936810000002,0.370747600000207,0.226181600000072
0.10883229999999,0.0344161,0.357410900000202,0.229692700000069,0.269648000000114
0.077050600000007,0.044690500000004,0.367820200000217,0.254643200000102,0.255795500000096
0.165067400000023,0.020370999999999,0.195845400000059,0.30250170000015,0.31621450000016
0.107418599999993,0.046294200000003,0.228801500000079,0.384722100000219,0.232763600000075
0.069824600000005,0.028111999999999,0.271142000000127,0.360488700000205,0.270432700000106
7.94000000000011E-05,0.052053500000005,0.417403300000272,0.298056700000139,0.232407100000093
0.0161183,0.056664700000005,0.346993100000191,0.350567900000199,0.229656000000086
0.058028600000005,0.024039699999999,0.410498900000257,0.307732400000159,0.199700400000056
0.183081000000042,0.015654699999999,0.24642040000009,0.293830200000146,0.261013700000102
0.089801300000003,0.047141400000004,0.249356900000101,0.393074500000234,0.220625900000079
0.0938798,0.0367122,0.281386600000131,0.254221400000106,0.333800000000161
0.022160599999999,0.025931799999999,0.237473800000087,0.361946500000209,0.352487300000183
0.041534000000002,0.0015169,0.160121700000021,0.309632900000146,0.48719450000032
0.087201599999999,0.057852900000007,0.302452700000157,0.228434600000076,0.324058200000164
0.0085304,0.0167487,0.277793700000125,0.405424100000239,0.29150310000014
0.0043813,0.029989799999999,0.363714900000198,0.23421840000008,0.367695600000195
0.044931100000003,0.036630700000002,0.357214200000207,0.331937800000168,0.229286200000066
0.051394100000005,0.109028599999992,0.20624730000007,0.258518300000109,0.374811700000223
0.048050200000006,0.0220546,0.299590700000142,0.385742700000229,0.244561800000083
0.0358261,0.125765699999987,0.150112900000005,0.384313100000232,0.30398220000014
0.12897519999999,0.019476599999999,0.261023600000117,0.372846000000217,0.217678600000069
0.192905300000058,0.0012728,0.203142700000055,0.410259900000251,0.192419300000051
0.192629500000057,0.036957000000003,0.220901000000065,0.334752500000178,0.214760000000067
0.052051200000007,0.0080568,0.243314900000094,0.372310600000219,0.324266500000167
0.138631900000008,0.0056641,0.481017300000335,0.227196700000078,0.147490000000003
0.059426100000008,0.037070400000001,0.360204300000203,0.362098100000203,0.181201100000042
0.161812000000021,0.094185199999999,0.198731800000046,0.3559027000002,0.18936830000004
0.053308900000007,0.073880000000004,0.412619700000255,0.244530100000099,0.215661300000064
0.041497700000003,0.079265200000002,0.240550700000099,0.451534100000295,0.187152300000035
0.053410200000005,0.095101200000001,0.342327800000189,0.313729100000156,0.195431700000041
0.129647199999993,0.029227799999999,0.209389700000063,0.339873400000191,0.29186190000013
0.072415600000007,0.027775699999999,0.376137200000218,0.303808400000151,0.219863100000078
0.150069699999999,0.048416500000004,0.131516699999996,0.24443260000009,0.425564500000256
0.1086772,0.166503900000025,0.243449400000101,0.203375600000061,0.277993900000118
0.043355500000004,0.114097499999995,0.349042000000194,0.169879600000024,0.323625400000169
0.15820020000002,0.086685100000001,0.167636300000025,0.378318300000218,0.209160100000067
0.043538400000004,0.070930800000008,0.214648200000078,0.495959400000328,0.174923200000025
0.116905399999987,0.0081064,0.357227700000195,0.307144400000144,0.210616100000054
0.105246499999996,0.044293200000003,0.14549220000001,0.357430700000211,0.347537400000179
0.168357800000022,0.0075759,0.266723300000124,0.2482495000001,0.309093500000152
0.079547800000006,0.022215,0.345366300000187,0.267492200000121,0.285378700000128
0.032034799999999,0.029572099999999,0.347840900000211,0.188470500000038,0.402081700000237
0.17815320000004,0.0118136,0.229848200000088,0.296965300000153,0.283219700000133
0.036213500000001,0.035530800000003,0.506038000000314,0.239222400000096,0.182995300000038
0.0914768,0.075577100000006,0.096116100000004,0.451105600000279,0.28572440000013
0.209614600000071,0.0080066,0.282705500000137,0.279621600000136,0.220051700000067
0.085079400000004,0.140874099999999,0.184275500000042,0.398880500000245,0.190890500000046
0.063731800000009,0.056786300000008,0.328279800000169,0.371431900000212,0.179770200000034
0.160779900000024,0.028097899999999,0.0901524,0.28135490000013,0.439614900000274
0.0355724,0.024543099999999,0.604858599999879,0.152962800000009,0.182063100000036
0.125503399999986,0.0124768,0.235055900000083,0.366042200000207,0.260921700000095
0.092920100000004,0.048668000000003,0.266237700000119,0.412608700000251,0.179565500000031
0.063516700000008,0.0035962,0.264579300000108,0.393128300000227,0.275179500000103
0.079012200000006,0.058482400000008,0.243156100000089,0.383116800000216,0.236232500000085
0.056619500000009,0.042655900000003,0.194276900000051,0.412418200000251,0.294029500000119
0.012472999999999,0.050475400000003,0.188572000000049,0.482603900000322,0.265875700000106
0.0150755,0.049863700000004,0.344608100000184,0.348917100000172,0.241535600000076
0.12418959999999,0.083847500000004,0.317805300000176,0.17117320000004,0.30298440000015
0.083593900000001,0.023020099999999,0.29858720000015,0.390796500000233,0.204002300000049
0.048186700000002,0.0088686,0.30262500000015,0.330595200000156,0.309724500000153
0.205835300000063,0.104611399999997,0.1129453,0.365368800000207,0.211239200000066
0.085416200000005,0.064699400000008,0.438882800000278,0.159708400000025,0.251293200000104
0.160022700000021,0.120644699999992,0.259135000000117,0.288931700000132,0.171265900000028
0.077972800000004,0.039983600000001,0.213847800000074,0.428242000000264,0.239953800000086
0.054306800000006,0.0314542,0.268658600000112,0.435574600000265,0.210005800000055
0.196383800000056,0.041531600000002,0.268447600000123,0.293493500000138,0.200143500000043
0.070720700000006,0.157246300000018,0.184912300000036,0.210667200000063,0.376453500000214
0.046359300000003,0.0053737,0.377827000000222,0.433010700000266,0.137429299999995
0.069146200000005,0.028997599999999,0.401038200000246,0.234536000000071,0.266282000000101
0.133873499999992,0.0353982,0.103868600000001,0.51518600000028,0.21167370000006
0.044309500000004,0.053571400000005,0.243841900000091,0.315700100000167,0.342577100000183
0.150925699999996,0.035470600000001,0.306145400000147,0.227037000000085,0.280421300000133
0.096995199999995,0.075701400000006,0.131225099999994,0.258149300000121,0.437929000000261
0.028731,0.044517400000005,0.148135200000005,0.524293300000244,0.254323100000104
0.027025799999999,0.047799800000004,0.2550554000001,0.331590800000166,0.33852820000017
0.063306300000009,0.100215399999995,0.400901100000242,0.288215700000139,0.147361500000008
0.0188966,0.080870300000003,0.151158200000007,0.344061700000187,0.405013200000237
0.043754800000002,0.009949999999999,0.160759200000016,0.513800200000278,0.271735800000106
