C,Hpep,Dec,D,L
0.091062899999993,0.446569700000322,0.0001774,0.154140100000019,0.308049900000155
0.146647500000007,0.193323400000061,0.098737399999993,0.208275300000047,0.353016400000196
0.093525900000001,0.063949800000014,0.179331600000035,0.28378360000013,0.379409100000212
0.140194300000001,0.304260300000186,0.160072800000025,0.175836200000026,0.219636400000076
0.124911299999985,0.0353731,0.155014200000013,0.237356200000093,0.447345200000287
0.041060300000003,0.409700600000268,0.131307699999993,0.295332200000141,0.122599199999991
0.100098899999993,0.313692200000176,0.121637199999989,0.291421300000144,0.173150400000031
0.067732900000003,0.099914600000016,0.086099800000002,0.413005300000259,0.333247400000179
0.059652700000003,0.044868500000012,0.321962500000183,0.434107100000275,0.139409200000003
0.142062199999994,0.110844499999984,0.226679800000082,0.265601000000106,0.254812500000087
0.096023199999994,0.499833000000366,0.085586600000007,0.123869999999992,0.194687200000041
0.055854600000004,0.222005800000088,0.429061500000272,0.155505400000021,0.137572700000001
0.129718899999986,0.012017799999999,0.304934700000162,0.334816900000169,0.218511700000061
0.122340999999997,0.148514800000023,0.132070599999997,0.246068700000092,0.351004900000182
0.070727500000002,0.029761599999997,0.2479681000001,0.343007200000177,0.308535600000152
0.099317399999988,0.0012429,0.185284600000043,0.408209800000256,0.305945300000144
0.057926299999998,0.292712200000152,0.072534500000012,0.193760500000051,0.383066500000223
0.170537000000008,0.308683800000162,0.126214899999984,0.17592710000003,0.218637200000074
0.107298999999991,0.402040200000291,0.231861300000084,0.144775200000012,0.114024299999991
0.160832500000001,0.023090799999999,0.201238900000067,0.287581500000143,0.327256300000173
0.115146899999987,0.014354599999998,0.137299300000003,0.336676800000188,0.396522400000225
0.116816999999984,0.120036600000017,0.038269400000001,0.46950210000031,0.255374900000104
0.0389055,0.083677100000012,0.281440800000129,0.270908800000109,0.325067800000154
0.049127199999998,0.211423300000073,0.067944300000009,0.473143400000319,0.198361800000053
0.113715099999988,0.021328099999994,0.166503200000027,0.342666000000189,0.355787600000188
0.077649699999996,0.093752300000013,0.155588800000011,0.342200700000186,0.330808500000164
0.166401400000032,0.054462500000007,0.241841800000102,0.2399623000001,0.297332000000146
0.123849899999985,0.178851800000059,0.107346199999997,0.237518100000092,0.35243400000019
0.119661799999987,0.250031900000109,0.200734800000052,0.263066900000112,0.166504600000025
0.121216599999988,0.312332900000194,0.093179399999999,0.380052100000222,0.093218999999999
0.041958200000004,0.086839999999999,0.388789200000235,0.280875700000128,0.201536900000059
0.080896300000002,0.077029000000013,0.167677000000021,0.41806460000026,0.256333100000096
0.120003499999988,0.168296600000059,0.163885000000025,0.333456700000192,0.214358200000062
0.103430499999994,0.103409600000001,0.123740299999992,0.376750400000217,0.292669200000139
0.123305699999992,0.150213900000029,0.0036527,0.421642900000271,0.30118480000014
0.102961499999992,0.148675500000036,0.250572900000103,0.289480000000145,0.208310100000042
0.145572399999992,0.166948200000052,0.153002700000006,0.281474700000139,0.253002000000096
0.072509800000005,0.228628600000097,0.07556110000001,0.324270700000168,0.299029800000137
0.082071399999995,0.106999099999998,0.254631800000096,0.285495100000124,0.270802600000123
0.055670299999998,0.264595200000126,0.178785100000041,0.17402000000003,0.326929400000163
0.140812399999989,0.049456000000019,0.299427800000143,0.334629300000173,0.175674500000028
0.106245499999991,0.140464999999997,0.218769300000078,0.231829800000081,0.302690400000144
0.093457499999993,0.122618699999987,0.149189700000014,0.390796300000226,0.243937800000085
0.092293499999999,0.214955400000093,0.401748100000254,0.198762900000048,0.092240100000003
0.143919299999995,0.278309100000172,0.082214700000001,0.218363400000074,0.277193500000115
0.055709300000005,0.019278899999997,0.289986600000138,0.398497900000232,0.236527300000076
0.175410200000014,0.0017053,0.281143000000136,0.330255700000161,0.211485800000064
0.086763800000004,0.238349500000107,0.167512600000027,0.201425400000054,0.305948700000157
0.098934799999997,0.334195200000206,0.274814300000133,0.185839800000039,0.106215899999993
0.049378600000001,0.361733900000219,0.049614800000005,0.268444500000115,0.270828200000127
0.059229300000002,0.078201200000011,0.242804300000098,0.409224200000253,0.210541000000062
0.0226071,0.28165740000014,0.195479400000053,0.248616500000119,0.251639600000091
0.127936099999983,0.13249929999999,0.20822320000006,0.259365300000105,0.27197610000011
0.209900900000038,0.193391800000106,0.092051500000006,0.294157700000138,0.210498100000051
0.081014899999997,0.058991000000013,0.116790199999991,0.361271000000209,0.381932900000211
0.074673599999999,0.194881600000058,0.228616500000081,0.302566700000153,0.199261600000048
0.106380399999992,0.136408600000004,0.251959800000106,0.354208400000194,0.151042800000017
0.060166900000003,0.237819700000108,0.141344600000001,0.266177000000117,0.294491800000134
0.060152800000011,0.15152270000001,0.181003500000045,0.322583100000176,0.284737900000133
0.176680800000022,0.226072700000119,0.0315849,0.201246300000052,0.364415300000194
0.120050199999988,0.089712700000043,0.140230399999999,0.367998900000206,0.282007800000116
0.045253700000002,0.731481999999277,0.052476700000006,0.06623260000001,0.104555000000001
0.044090900000002,0.30742710000017,0.353206900000214,0.198830300000047,0.096444800000002
0.071348000000004,0.126038599999987,0.125081199999988,0.361027900000197,0.316504300000165
0.0392391,0.195683900000056,0.245548100000096,0.304555700000144,0.214973200000072
0.144134100000009,0.104140999999993,0.183332700000045,0.357580800000203,0.210811400000059
0.050634500000003,0.089609499999998,0.167077400000025,0.580332099999994,0.112346499999994
0.27411160000009,0.101770800000062,0.137345099999996,0.352407100000193,0.134365399999991
0.125103599999991,0.316388700000172,0.131487499999993,0.315926700000159,0.111093499999994
0.099986999999986,0.074986500000004,0.208635800000065,0.334485400000181,0.281905300000127
0.057342100000001,0.078455200000006,0.289602100000131,0.262847400000109,0.311753200000164
0.149769000000004,0.044264600000002,0.092487700000005,0.371026500000212,0.342452200000179
0.109198899999985,0.282271200000166,0.089992,0.326460000000176,0.192077900000044
0.123514199999996,0.0014664,0.249702700000108,0.279447100000133,0.345869600000177
0.176938100000019,0.141794900000015,0.060557700000009,0.377477300000227,0.243232000000093
0.106643699999993,0.158374800000033,0.144057100000004,0.379670800000222,0.211253600000054
0.058326699999999,0.131417299999999,0.19139720000005,0.379859300000225,0.23899950000008
0.038661200000001,0.237372900000094,0.227105100000078,0.288531600000126,0.20832920000005
0.0201573,0.370037500000225,0.152417900000008,0.308224600000166,0.14916270000001
0.138002100000006,0.087932600000021,0.277697900000131,0.314724600000157,0.181642800000028
0.127081499999994,0.183189800000038,0.219645300000075,0.311026200000151,0.159057200000025
0.127675799999989,0.114503400000023,0.235501700000094,0.25216870000009,0.270150400000129
0.0656964,0.120251600000008,0.249704300000102,0.419640100000255,0.144707600000001
0.047469899999998,0.085799100000011,0.286755000000135,0.304619300000147,0.275356700000118
0.0256538,0.188200900000048,0.402572200000245,0.206901100000065,0.176672000000041
0.0516035,0.101815700000004,0.275550100000133,0.214227400000064,0.356803300000196
0.092546499999992,0.167893200000051,0.271108600000118,0.158994400000022,0.309457300000154
0.096134999999997,0.069729600000014,0.278014900000138,0.329249100000179,0.226871400000067
0.0145298,0.225407700000085,0.298964800000147,0.294082400000129,0.167015300000018
0.22667030000005,0.142647700000044,0.220491800000074,0.23843750000009,0.171752700000028
0.079037400000004,0.057414400000006,0.286137600000143,0.359316100000198,0.218094500000073
0.247339900000072,0.019279099999998,0.388318100000243,0.182454500000032,0.162608400000005
0.078866599999998,0.224643900000096,0.254659400000114,0.196371200000037,0.245458900000094
0.067239900000006,0.304796100000165,0.168649300000018,0.24318260000009,0.216132100000061
0.121510599999988,0.089353400000017,0.0916176,0.353472000000193,0.344046400000172
0.070070599999999,0.258906300000138,0.185295900000045,0.378452800000221,0.107274399999991
0.068146899999998,0.324050000000196,0.298726100000161,0.187850400000034,0.121226599999993
0.1396615,0.168353600000047,0.271741700000131,0.249776500000087,0.170466700000028
0.067346900000003,0.067747900000014,0.372146100000216,0.261250300000106,0.231508800000079
0.054286800000005,0.185584900000056,0.205092700000059,0.313719500000162,0.241316100000089
0.172774800000024,0.101674100000019,0.163567700000028,0.40087710000024,0.161106300000003
0.085688099999999,0.288250100000169,0.046619400000005,0.201790100000053,0.377652300000205
0.043492000000001,0.117263599999992,0.0955586,0.576003800000037,0.167682000000032
0.053224200000007,0.188409900000045,0.153996000000022,0.372991700000212,0.231378200000072
0.179419600000024,0.292101400000194,0.151425900000013,0.220283700000077,0.156769400000002
0.079037399999996,0.100434600000008,0.115210899999991,0.471828800000306,0.233488300000071
0.173515300000007,0.081224300000044,0.398083300000236,0.197169300000052,0.150007800000005
0.122489599999984,0.0026137,0.264727500000122,0.390075300000222,0.220093900000069
0.0231753,0.368135000000227,0.1365757,0.249521900000101,0.222592100000084
0.076907400000005,0.060207800000011,0.21726470000006,0.363514000000206,0.282106100000131
0.144050999999997,0.036498500000002,0.260507600000113,0.307595400000139,0.251347500000107
0.204864200000034,0.116711900000006,0.040433100000001,0.437671300000265,0.200319500000055
0.096285199999991,0.146793800000009,0.244955000000098,0.323331300000171,0.188634700000044
0.183050400000036,0.019675499999991,0.059527100000007,0.384972400000224,0.352774600000194
0.085664899999997,0.238004500000115,0.227987900000078,0.244828500000093,0.203514200000049
0.057281600000003,0.393500200000248,0.058172100000005,0.358898900000211,0.132147199999993
0.081966100000001,0.241561800000103,0.207872500000064,0.187485600000043,0.281114000000126
0.096460299999999,0.260676200000143,0.164261400000027,0.343683200000195,0.134918899999989
0.092092099999995,0.137623499999999,0.180784900000038,0.395262200000221,0.194237300000046
0.114860299999994,0.221006700000088,0.118861699999988,0.315034000000172,0.230237300000082
0.142051299999999,0.182548000000053,0.148710000000007,0.260491600000114,0.266199100000114
0.064274800000001,0.0007322,0.291480600000147,0.446616600000284,0.196895800000051
0.18988780000003,0.089298800000029,0.148392900000006,0.318900300000177,0.253520200000097
0.096540499999992,0.192863300000056,0.053226500000009,0.422417000000262,0.234952700000081
0.051864300000002,0.403872700000262,0.070794700000007,0.301773800000146,0.171694500000024
0.088473999999994,0.28060190000015,0.243471700000094,0.175980800000032,0.211471600000069
0.0254623,0.197190800000057,0.0958423,0.24443570000009,0.437068900000281
0.101808600000004,0.251147500000119,0.312226800000162,0.223293200000071,0.111523899999996
0.107812199999993,0.201781700000069,0.138505700000003,0.335565000000169,0.216335400000052
0.151734099999995,0.307713600000198,0.091751600000002,0.280049500000134,0.168751200000024
0.0286343,0.206444300000068,0.125888399999989,0.397117300000246,0.241915700000093
0.093375799999993,0.136522500000017,0.209624000000068,0.260858700000117,0.299619000000139
0.0659007,0.493942700000361,0.197837200000055,0.135371799999994,0.106947599999992
0.070356000000007,0.10654680000001,0.194411900000053,0.267863900000113,0.360821400000205
0.0651613,0.205021800000076,0.285723300000142,0.229704600000085,0.214389000000068
0.073654900000001,0.079518100000005,0.249858900000108,0.353412600000192,0.243555500000091
0.071126800000006,0.363876100000217,0.081433200000006,0.304350000000145,0.179213900000014
0.103265299999995,0.236318500000102,0.24136110000009,0.215121700000077,0.203933400000061
0.119947199999987,0.094648200000029,0.39580800000025,0.238717100000082,0.150879500000012
0.161506100000011,0.018333399999999,0.40525520000025,0.275762300000117,0.139142999999999
0.160554400000028,0.063331700000015,0.295917000000137,0.301782700000148,0.178414200000035
0.090579699999992,0.332567500000195,0.075738000000006,0.209056700000071,0.292058100000137
0.104894899999987,0.154301400000013,0.240629700000086,0.244337500000098,0.255836500000099
0.072322299999999,0.261594800000133,0.162188000000027,0.346297700000175,0.157597200000011
0.023127299999999,0.057543000000006,0.188730800000058,0.353633100000201,0.37696580000021
0.073211299999998,0.149795800000003,0.238326100000095,0.370748000000216,0.167918800000027
0.072093300000008,0.377922800000236,0.128959899999993,0.229760800000075,0.191263200000047
0.113130599999986,0.167351800000056,0.238296500000091,0.360362000000218,0.120859099999985
0.0344392,0.526298600000218,0.072624500000002,0.247575600000101,0.119062099999988
0.124574599999994,0.101459299999994,0.171167700000036,0.318334600000155,0.284463800000117
0.135286599999988,0.218490600000063,0.181782200000035,0.205994500000067,0.258446100000107
0.116575899999995,0.213225900000081,0.125980399999988,0.312979300000165,0.231238500000082
0.037563300000001,0.147089000000007,0.285071900000138,0.286667000000135,0.24360880000009
0.073516200000007,0.0001596,0.339419300000178,0.223517300000074,0.363387600000201
0.072655500000006,0.040953100000003,0.343560600000188,0.377907500000219,0.16492330000002
0.103150099999996,0.064752900000008,0.225866900000085,0.433970900000267,0.172259200000027
0.150054400000004,0.468674500000346,0.082932500000007,0.180441900000036,0.117896699999997
0.137469499999996,0.043793100000007,0.174287400000036,0.448455800000272,0.195994200000046
0.1379662,0.043017900000009,0.240224700000095,0.30721040000015,0.271580800000121
0.040937800000003,0.307414900000172,0.239177500000095,0.232159100000068,0.18031070000003
0.142163599999994,0.112533200000017,0.374243800000214,0.20767380000006,0.163385600000022
0.0815836,0.0005388,0.146972200000013,0.399759600000228,0.371145800000211
0.064890200000001,0.333270000000207,0.178739300000036,0.19209270000005,0.231007800000082
0.126298899999988,0.069110300000036,0.240867800000093,0.307859800000156,0.255863200000092
0.042790100000002,0.343422000000203,0.183413300000043,0.183014500000047,0.247360100000103
0.10604469999999,0.289332500000164,0.21014180000007,0.263473900000112,0.131007099999992
0.186876100000022,0.221102400000112,0.136962899999999,0.213729200000068,0.241329400000093
0.041726200000004,0.124150899999998,0.21359530000006,0.236610700000094,0.383916900000215
0.125113499999993,0.313731600000188,0.0377399,0.381026300000235,0.142388699999993
0.122727699999986,0.112078000000024,0.082542800000003,0.40745170000024,0.275199800000109
0.063072200000006,0.061535300000009,0.200363900000058,0.326406900000164,0.348621700000168
0.079655499999995,0.075853300000023,0.309023700000165,0.338001600000177,0.197465900000046
0.0430859,0.0132855,0.249244400000105,0.31821140000017,0.376172800000217
0.113722499999995,0.035067000000005,0.121307399999998,0.513043400000273,0.216859700000059
0.062158500000005,0.0003294,0.32654140000017,0.474140100000314,0.136830600000001
0.030942,0.129047299999987,0.193679500000044,0.416301800000256,0.230029400000075
0.122518199999989,0.141155300000024,0.244323800000093,0.249388600000088,0.242614100000082
0.045836100000003,0.199631000000066,0.174723700000035,0.270594000000113,0.309215200000151
0.106500199999994,0.280805100000148,0.111446399999992,0.160326900000022,0.340921400000185
0.058950800000005,0.277845500000145,0.110226499999997,0.338279900000176,0.214697300000059
0.046022300000001,0.371223300000225,0.123539399999992,0.293082700000137,0.166132300000024
0.113816299999993,0.242335700000101,0.120163799999995,0.204216600000055,0.319467600000156
0.118803699999995,0.164590400000036,0.203385100000062,0.195913600000054,0.317307200000161
0.0316562,0.243088600000096,0.0911334,0.324149000000175,0.309972800000152
0.051899900000002,0.214251700000071,0.366879300000222,0.222199500000061,0.144769600000005
0.061419700000005,0.314296400000166,0.020216399999999,0.208221200000062,0.395846300000241
0.044721700000006,0.005746000000001,0.304190300000155,0.41256820000026,0.232773800000086
0.185359400000026,0.116277900000009,0.062436300000007,0.343830400000181,0.292096000000141
0.036120900000001,0.169897700000029,0.181790000000045,0.250559700000097,0.361631700000196
0.103980999999988,0.625532499999828,0.017661099999999,0.159721800000017,0.093103600000007
0.040171600000002,0.309814000000168,0.448297200000291,0.0368289,0.16488830000002
0.133127599999994,0.067000100000007,0.279223100000125,0.155807100000021,0.364842100000195
0.129406099999986,0.288662200000177,0.238837300000102,0.175062200000026,0.168032200000029
0.125031499999983,0.083490600000013,0.185308400000042,0.360724900000209,0.245444600000092
0.058360000000001,0.295918300000168,0.054273000000004,0.367862500000223,0.223586200000067
0.048502000000004,0.066603000000012,0.22147860000008,0.377270100000217,0.286146300000133
0.231256000000049,0.076841900000042,0.281721700000136,0.240852500000083,0.169327900000026
0.043750500000002,0.0008035,0.329515800000174,0.38916180000023,0.236768400000093
0.202503700000032,0.264610100000136,0.068241500000009,0.150019600000004,0.314625100000158
0.147273699999995,0.053379800000007,0.300723900000155,0.255464300000091,0.243158300000082
0.060616300000001,0.469169200000337,0.177763800000033,0.146231300000007,0.146219399999997
0.061816000000001,0.461399300000322,0.132258599999994,0.235161000000093,0.10936509999999
0.139279500000002,0.25069590000012,0.056518200000006,0.289754900000132,0.26375150000011
0.070248300000008,0.0050218,0.238293100000097,0.461568200000305,0.224868600000071
0.168294100000014,0.09860810000002,0.157594700000022,0.202281800000056,0.373221300000217
0.081395100000001,0.035559600000008,0.297861400000162,0.242367500000097,0.342816400000177
0.170819800000005,0.39501950000029,0.069207800000008,0.247316100000094,0.117636799999997
0.069057000000008,0.226586300000086,0.272699000000124,0.256641600000111,0.175016100000027
0.037576700000001,0.067587200000009,0.177033600000033,0.328147400000186,0.389655100000214
0.203752100000032,0.203369800000123,0.251614000000114,0.214907800000065,0.126356299999991
0.0375481,0.097595800000006,0.380295400000223,0.271487900000129,0.213072800000065
0.032162600000001,0.242579100000105,0.191928600000044,0.349517100000191,0.183812600000041
0.149999300000005,0.000899,0.245369700000105,0.270045100000106,0.333686900000165
0.09789689999999,0.309514700000182,0.12124969999999,0.145779600000004,0.325559100000172
0.151527800000006,0.047841600000014,0.339591400000191,0.26177070000011,0.199268500000052
0.064883300000004,0.125258599999988,0.222619500000086,0.255332400000113,0.331906200000159
0.0528784,0.020490499999996,0.258774600000114,0.243182700000096,0.424673800000253
0.100301999999996,0.054125900000005,0.192889600000045,0.285396400000138,0.367286100000197
0.0337332,0.27289670000013,0.149203900000008,0.293883300000149,0.250282900000099
0.0145829,0.050329700000005,0.163385800000026,0.411302200000245,0.360399400000179
0.134546799999996,0.251230900000131,0.084667100000001,0.286026400000138,0.243528800000088
0.122155699999984,0.218279200000109,0.118381699999991,0.316753800000159,0.224429600000066
0.058986000000005,0.323777300000181,0.134720199999993,0.23312330000008,0.249393200000088
0.0248717,0.407989200000253,0.18364470000004,0.176565000000041,0.206929400000054
0.0772247,0.115935400000004,0.301104100000151,0.357658100000196,0.148077700000007
0.037792900000001,0.119727599999996,0.173646000000019,0.346704400000186,0.322129100000164
0.110065199999985,0.156158000000052,0.14015720000001,0.261576500000118,0.332043100000169
0.162268300000013,0.512060400000314,0.067520800000006,0.162732200000019,0.095418299999998
0.0219622,0.0004428,0.196976200000054,0.528083100000207,0.252535700000106
0.0324723,0.235539300000097,0.306503000000162,0.229292800000084,0.196192600000055
0.107407299999984,0.437196900000305,0.19026000000004,0.229687500000082,0.035448299999999
0.0179613,0.010212599999999,0.319817900000172,0.452514700000286,0.199493500000046
0.062383100000001,0.001855,0.391694700000231,0.318075100000162,0.225992100000071
0.069363599999997,0.260047300000128,0.078423900000005,0.311264400000159,0.280900800000129
0.128034099999995,0.020159399999994,0.184193100000046,0.420517500000261,0.24709590000009
0.025551599999999,0.36870860000022,0.148846200000013,0.215399500000078,0.241494100000081
0.080979300000002,0.237670900000089,0.208093500000069,0.266981700000108,0.206274600000058
0.103873699999993,0.261124100000125,0.078927100000008,0.291741200000138,0.264333900000116
0.307917900000083,0.219996000000113,0.063961100000008,0.225439400000079,0.182685600000039
0.053672600000003,0.14129070000001,0.132604299999994,0.406077100000243,0.266355300000104
0.182778400000015,0.03453350000001,0.187710400000042,0.353222600000182,0.241755100000089
0.032969800000003,0.035913500000002,0.184965900000045,0.370840300000216,0.3753105000002
0.199556700000027,0.20493440000011,0.075751800000005,0.211822600000065,0.307934500000154
0.098832099999987,0.330477900000203,0.108492499999992,0.291306600000141,0.17089090000003
0.287457200000094,0.128238500000045,0.030751599999998,0.280042300000127,0.273510400000118
0.0933207,0.27800720000014,0.22365130000007,0.218664300000068,0.186356500000044
0.043158500000003,0.159105700000031,0.320329000000176,0.324751000000165,0.152655800000021
0.070834800000007,0.11125680000001,0.19027520000005,0.468161200000302,0.159472000000019
0.041041200000003,0.307535700000167,0.25657500000011,0.230132300000081,0.164715800000022
0.0236698,0.14399700000001,0.259135700000106,0.298329400000138,0.274868100000113
0.181591500000018,0.019904399999998,0.162553800000021,0.39066490000022,0.245285400000099
0.084714100000007,0.249809100000111,0.158098300000015,0.275110500000137,0.232268000000081
0.038500700000002,0.307416800000163,0.200509800000054,0.26850090000011,0.185071800000037
0.087336700000005,0.061886600000012,0.16841970000003,0.355096000000202,0.327261000000168
0.142037999999994,0.458752600000354,0.043931000000004,0.120411099999988,0.234867300000089
0.116503799999993,0.041263000000002,0.224488000000076,0.42665310000027,0.191092100000034
0.0496407,0.229216200000085,0.168973100000035,0.273711900000119,0.278458100000122
0.034598800000001,0.304212800000159,0.187120800000037,0.337547200000196,0.1365204
0.0303865,0.218928000000075,0.484782900000331,0.142595200000007,0.123307399999991
0.037626199999999,0.141801300000002,0.205910400000059,0.355909200000194,0.258752900000108
0.113043899999994,0.098575000000015,0.170688700000024,0.260473100000108,0.35721930000019
0.087472199999999,0.322707100000188,0.216036700000074,0.179388400000029,0.194395600000049
0.157120200000004,0.005837200000001,0.242920200000095,0.365449500000209,0.228672900000075
0.149366500000006,0.101132699999999,0.181026500000036,0.306223100000153,0.2622512000001
0.053515700000005,0.240216600000099,0.175817300000037,0.332774000000181,0.19767640000004
0.046744700000002,0.272156100000129,0.150063700000008,0.294132000000139,0.236903500000072
0.090760600000003,0.222544700000086,0.0923965,0.332628100000177,0.261670100000101
0.091512799999993,0.048614600000003,0.32428410000017,0.289290200000131,0.246298300000087
0.055000899999999,0.06170310000001,0.284603300000136,0.295201300000131,0.303491400000148
0.11705899999999,0.188108600000056,0.069443300000005,0.430468800000262,0.194920300000052
0.179850900000029,0.200170900000065,0.108720699999993,0.278102000000131,0.233155500000084
0.110594099999998,0.03235750000001,0.175584300000043,0.329259600000169,0.352204500000199
0.069046799999997,0.052703000000011,0.234150600000094,0.457867000000295,0.18623260000004
0.043894300000001,0.250208300000117,0.114923399999992,0.339025000000174,0.2519490000001
0.035584500000001,0.410879500000266,0.056334000000006,0.380618600000234,0.116583399999991
0.067079400000006,0.236070000000092,0.064484400000009,0.287880000000127,0.344486200000193
0.0275803,0.51832190000027,0.054762600000008,0.265202300000125,0.134132899999995
0.122668399999981,0.35460170000023,0.124605899999986,0.225328900000075,0.172795100000032
0.072432800000002,0.154824700000022,0.275933900000131,0.398666500000242,0.098142099999995
0.073270099999998,0.062583700000012,0.145763200000003,0.540255500000162,0.178127500000033
0.0349415,0.612705399999811,0.069844500000008,0.210084000000062,0.072424600000006
0.074687500000006,0.033410500000003,0.298951000000151,0.300335800000146,0.292615200000128
0.0166387,0.140106300000002,0.318188900000175,0.344568500000189,0.180497600000033
0.128211399999991,0.0023457,0.354009600000214,0.390305600000233,0.125127699999991
0.119351699999985,0.177251100000054,0.025265199999999,0.315242300000162,0.3628897000002
0.047410000000003,0.17459470000005,0.228383500000079,0.321841600000163,0.227770200000072
0.175926200000006,0.411606000000286,0.077701900000003,0.227037900000079,0.107727999999991
0.165404700000025,0.18239860000005,0.18312960000004,0.292808100000149,0.176259000000033
0.138692099999994,0.223664600000111,0.146974400000006,0.177928300000037,0.312740600000147
0.138342499999989,0.040280300000005,0.30082820000015,0.261758400000111,0.2587906000001
0.212633400000049,0.22438830000011,0.053310600000007,0.316542500000161,0.193125200000053
0.0518629,0.593905499999832,0.124881699999989,0.090135799999999,0.139214100000005
0.114563300000006,0.199317700000068,0.136306199999999,0.236242900000088,0.313569900000174
0.109833699999989,0.348883600000223,0.162969800000021,0.187432800000037,0.190880100000042
0.106241399999986,0.0079446,0.264939500000118,0.351466000000203,0.269408500000112
0.039754000000001,0.135077300000001,0.167561700000024,0.393930700000244,0.263676300000117
0.141440699999999,0.115997100000023,0.129417399999989,0.412500000000236,0.200644800000047
0.112465099999988,0.11602210000002,0.076575800000005,0.461756100000301,0.233180900000089
0.075844600000003,0.213311600000067,0.102917899999994,0.269307800000109,0.338618100000165
0.091903099999993,0.401377400000263,0.193009600000056,0.193322400000047,0.120387499999993
0.149334699999996,0.082794000000025,0.156924700000022,0.425926800000262,0.185019800000039
0.109859199999986,0.0149624,0.177661600000042,0.297856800000144,0.39966000000024
0.114981899999997,0.501255200000325,0.107970799999999,0.115662499999998,0.160129600000017
0.0374745,0.217112500000074,0.196870600000049,0.326015600000168,0.222526800000068
0.172887800000011,0.261608700000155,0.298023400000149,0.183647500000036,0.083832600000001
0.026486200000001,0.0022279,0.120210299999991,0.503828000000325,0.347247600000177
0.057522399999999,0.325451900000194,0.165746800000018,0.366955900000213,0.084323
0.049930100000001,0.239926600000114,0.264029500000119,0.220475600000063,0.225638200000072
0.051704800000003,0.342788000000198,0.150753900000011,0.337070300000179,0.117682999999997
0.179239700000016,0.065483700000068,0.548127700000144,0.088351200000004,0.118797699999988
0.072521900000001,0.0004833,0.251546500000105,0.256136500000098,0.419311800000252
0.110067499999996,0.166835600000066,0.179099700000038,0.281474900000137,0.262522300000117
0.044776500000002,0.362980400000232,0.189242900000042,0.250541500000113,0.152458700000004
0.061026100000005,0.023708099999998,0.283518700000137,0.321283000000193,0.310464100000148
0.112840399999989,0.511976700000113,0.156379100000013,0.087992300000003,0.130811499999992
0.104407299999994,0.063452600000008,0.252228600000094,0.245313300000095,0.334598200000175
0.081442000000003,0.093600300000009,0.288020800000134,0.212633400000069,0.324303500000173
0.099726199999992,0.209243500000093,0.198391800000054,0.336097500000179,0.156541000000009
0.096412799999989,0.215497500000104,0.21658680000006,0.313372200000159,0.158130700000014
0.091222999999992,0.240141200000118,0.137200699999999,0.274213800000122,0.257221300000111
0.1531549,0.169160500000067,0.290626700000149,0.243548300000089,0.1435096
0.159062800000005,0.060382900000026,0.169837200000027,0.359691200000215,0.251025900000093
0.0790888,0.16407460000003,0.114562399999993,0.325535300000169,0.316738900000159
0.078606700000006,0.0006209,0.255009500000109,0.475982400000317,0.189780500000033
0.110087499999988,0.232104800000089,0.126840999999991,0.411487400000262,0.11947929999999
0.0129668,0.042371400000005,0.307556000000151,0.443941000000276,0.193164800000048
0.16146240000001,0.0005002,0.284705400000136,0.379444500000221,0.17388750000003
0.183709800000011,0.349480000000261,0.147944700000008,0.189105200000039,0.129760299999988
0.036116900000003,0.219207700000087,0.367866100000216,0.142673900000007,0.234135400000092
0.120616599999991,0.23960390000012,0.165280600000021,0.256505000000105,0.217993900000073
0.041915200000001,0.204344800000062,0.1107114,0.405081400000243,0.237947200000081
0.134795599999988,0.268065300000126,0.199108900000057,0.220819300000079,0.177210900000035
0.076687299999997,0.506673400000264,0.205080900000054,0.122173699999989,0.089384699999996
0.096545399999988,0.415350400000298,0.161737300000019,0.261803800000114,0.064563100000008
0.035080300000001,0.05595040000001,0.318866700000175,0.41814250000026,0.171960100000023
0.083971599999994,0.37242370000024,0.205937900000066,0.210495500000066,0.12717129999999
0.183035300000027,0.104611400000044,0.30873280000016,0.26702420000012,0.136596299999998
0.096696899999989,0.433842100000311,0.090692000000004,0.232594000000083,0.146175000000012
0.098292599999998,0.580449100000026,0.108993899999994,0.113950799999991,0.098313599999996
0.220696400000047,0.124298500000046,0.141263300000009,0.361684100000194,0.152057700000013
0.154277300000003,0.293067700000168,0.126914799999988,0.261071200000109,0.164669000000026
0.0180453,0.053279500000009,0.259209800000111,0.472833600000314,0.19663180000005
0.184709400000033,0.1146116,0.175426400000037,0.24088530000009,0.284367300000132
0.0404551,0.029964399999998,0.202022200000065,0.515613900000279,0.211944400000065
0.115071499999993,0.152961700000028,0.197003500000047,0.351535100000202,0.183428200000044
0.097782399999993,0.188165600000063,0.224126200000087,0.373486900000219,0.116438899999991
0.165344800000013,0.178790200000071,0.143733199999999,0.196867700000054,0.315264100000166
0.166698300000012,0.143332100000008,0.212143300000071,0.351911000000188,0.125915299999982
0.085079399999993,0.17630230000005,0.146490400000006,0.364156700000207,0.227971200000077
0.052743399999998,0.0102452,0.261918200000106,0.269023500000121,0.406069700000239
0.066492700000001,0.28126750000015,0.252824300000112,0.258089000000114,0.141326500000003
0.134575699999991,0.145442200000017,0.199017200000056,0.249254100000093,0.271710800000113
0.081233000000002,0.036349599999999,0.108846799999995,0.565928600000077,0.207642000000061
0.149572399999996,0.149140800000019,0.0983652,0.360955300000204,0.241966300000082
0.130370399999993,0.052374300000009,0.440163100000297,0.175342900000034,0.201749300000054
0.180366700000018,0.008473999999999,0.210879800000061,0.321074600000159,0.279204900000107
0.097389999999994,0.174128100000052,0.209521500000051,0.295881900000134,0.223078500000083
0.055338000000006,0.126586899999986,0.323478800000177,0.205947200000049,0.28864910000013
0.059480600000004,0.223325500000081,0.291730600000145,0.268419500000109,0.1570438
0.079684899999997,0.406151400000275,0.123840399999985,0.33066030000018,0.059663000000004
0.096448800000002,0.009200899999999,0.249086200000098,0.334864200000177,0.310399900000141
0.051804800000004,0.205115000000066,0.281971200000129,0.293145700000149,0.167963300000023
0.173442900000016,0.170986400000059,0.131806799999994,0.324564900000169,0.199199000000047
0.080422000000005,0.044115900000005,0.35911600000022,0.305495500000142,0.210850600000047
0.09649279999999,0.377151200000248,0.169949500000029,0.121297199999985,0.235109300000093
0.026642,0.028041499999997,0.396334700000234,0.370797600000225,0.17818420000004
0.079872199999995,0.206435100000081,0.175279600000035,0.182268000000055,0.356145100000195
0.039100400000002,0.199191400000059,0.216708800000069,0.216054500000082,0.328944900000171
0.059346099999998,0.596649799999784,0.12190389999999,0.139389300000005,0.0827109
0.072021199999998,0.102136399999995,0.213161300000069,0.263713900000114,0.348967200000196
0.111269299999986,0.121150099999999,0.253118500000107,0.171880100000019,0.342582000000177
0.159520000000012,0.253128800000143,0.216521000000079,0.155805800000015,0.215024400000072
0.091592399999993,0.135795900000025,0.295364400000152,0.367524200000213,0.10972309999999
0.0187442,0.315897200000167,0.327168200000177,0.2457942000001,0.092396199999997
0.042976300000003,0.150819700000005,0.289976900000141,0.359634900000203,0.156592200000006
0.124138099999992,0.191033000000076,0.270827900000127,0.245467600000085,0.168533400000021
0.064742800000008,0.165925900000028,0.206856100000073,0.360193900000201,0.202281300000054
0.146572600000009,0.0009021,0.347319600000203,0.203626500000058,0.301579200000128
0.151423800000001,0.156218800000052,0.185966700000054,0.250825600000087,0.255565100000092
0.065391300000008,0.050761500000008,0.168327000000026,0.555575000000155,0.159945200000005
0.124866099999989,0.051160000000018,0.071243800000007,0.355387900000185,0.397342200000231
0.038662200000001,0.456222700000308,0.104317199999998,0.239268300000096,0.161529600000017
0.154404600000001,0.150359200000038,0.139294599999997,0.320920800000155,0.235020800000078
0.034962900000003,0.076538400000015,0.27075970000012,0.413197600000241,0.204541400000057
0.072479800000003,0.141885300000004,0.407169700000249,0.195460300000047,0.183004900000041
0.135054799999985,0.314691400000204,0.046469300000003,0.153942900000006,0.349841600000195
0.100376499999991,0.320287500000191,0.221412300000079,0.149135700000009,0.208788000000056
0.0424241,0.079545200000013,0.379299500000221,0.324677400000168,0.174053800000027
0.088961999999995,0.013586099999998,0.140815900000001,0.52625810000022,0.230377900000068
0.200680900000044,0.071993700000011,0.179285700000047,0.364334000000199,0.183705700000045
0.125339799999986,0.0016966,0.097325599999997,0.448177600000279,0.327460400000178
0.0629056,0.18325270000006,0.195992000000053,0.333649900000173,0.224199800000076
0.0174394,0.161115000000024,0.270103000000121,0.390896300000234,0.160446300000013
0.1460156,0.139169600000002,0.21077960000006,0.285755200000131,0.218280000000071
0.126910099999982,0.16351240000004,0.22432420000008,0.178840500000042,0.306412800000151
0.125327899999988,0.023635999999993,0.236774200000095,0.263265400000123,0.350996500000182
0.071992399999998,0.000422,0.311044100000158,0.370740000000208,0.245801500000095
0.0774177,0.164492200000029,0.265984900000116,0.2497894000001,0.242315800000093
0.045877000000005,0.018564199999997,0.413717600000264,0.297694300000134,0.224146900000073
0.131952999999999,0.15130160000002,0.162489300000023,0.249572600000096,0.304683500000146
0.107952499999999,0.017362099999999,0.252722700000105,0.411547000000242,0.210415700000052
0.084891200000005,0.0001214,0.346381000000195,0.304706200000152,0.263900200000097
0.035855200000001,0.391815700000245,0.053700400000005,0.265218700000116,0.253410000000098
0.11080279999999,0.321934800000212,0.162461100000023,0.266026700000128,0.138774600000003
0.155482700000003,0.054828500000006,0.114362599999996,0.496447800000336,0.178878400000034
0.136495999999989,0.12768820000002,0.22424270000008,0.299820600000144,0.21175250000006
0.0350595,0.549489900000137,0.054867100000009,0.168438900000024,0.192144600000044
0.097379299999993,0.277506100000154,0.200356100000052,0.189806100000041,0.234952400000079
0.084928099999998,0.151702700000031,0.202213500000049,0.336053700000186,0.225102000000075
0.081434299999996,0.434769400000294,0.018664299999999,0.21930480000007,0.24582720000009
0.038665800000003,0.167237100000023,0.298379400000141,0.194142800000043,0.301574900000149
0.048295200000003,0.306254300000163,0.173565900000034,0.23387460000009,0.238010000000086
0.110427399999992,0.070106400000016,0.163206500000014,0.445745900000289,0.210513800000063
0.088259499999995,0.056408600000012,0.192326100000047,0.536958900000214,0.126046899999987
0.144707100000004,0.09675620000001,0.140605000000005,0.252052600000102,0.365879100000202
0.121323799999989,0.122624399999986,0.1317118,0.291464900000139,0.332875100000171
0.157256699999994,0.082517600000027,0.118330499999989,0.423673800000256,0.218221400000059
0.065264600000009,0.262052200000129,0.151786700000014,0.346595800000188,0.174300700000026
0.032480100000001,0.215523400000078,0.110170000000002,0.451574500000298,0.190252000000044
0.121822399999994,0.261139400000143,0.146592600000007,0.247563900000101,0.222881700000075
0.109183499999993,0.070313300000034,0.122965499999995,0.352251800000187,0.345285900000172
0.089481899999994,0.165306700000046,0.286779400000141,0.283690700000131,0.174741300000029
0.165568100000005,0.157461200000042,0.070665500000005,0.271528200000109,0.334777000000167
0.202784200000034,0.148553800000072,0.061941700000007,0.36184500000021,0.224875300000061
0.0773758,0.0982405,0.205245100000057,0.355919100000185,0.263219500000112
0.127727299999984,0.078530400000005,0.205931000000051,0.280507200000127,0.307304100000142
0.099724099999992,0.213232000000107,0.159657900000014,0.213418900000068,0.313967100000164
0.058905699999998,0.371530900000232,0.062132300000007,0.344835000000189,0.162596100000016
0.158070900000016,0.067504900000042,0.456812300000306,0.20071630000006,0.116895599999992
0.201500500000032,0.225836300000132,0.21461180000008,0.167543100000027,0.190508300000039
0.187869500000025,0.0058898,0.153923700000019,0.447704300000285,0.204612700000048
0.17332380000001,0.134747500000017,0.199798500000056,0.238863900000092,0.253266300000109
0.0870525,0.256099400000123,0.252509800000105,0.292259900000139,0.112078399999993
0.083476499999994,0.0007433,0.291954700000145,0.343545900000187,0.28027960000012
0.168035300000014,0.078000900000016,0.223413200000084,0.334400400000178,0.196150200000048
0.048423099999999,0.023048399999999,0.34804970000019,0.286138700000134,0.294340100000138
0.0273909,0.538973100000161,0.113722299999992,0.158211500000015,0.161702200000013
0.046535900000003,0.000151,0.384550300000232,0.375013200000204,0.193749600000043
0.156760700000003,0.287062300000142,0.185574200000042,0.204028900000058,0.166573900000027
0.089246000000001,0.029807999999995,0.233910300000095,0.427725800000277,0.219309900000066
0.043915000000002,0.36156010000022,0.12805349999999,0.343634300000191,0.122837099999993
0.034893499999999,0.0893738,0.195304100000051,0.412851900000256,0.267576700000113
0.176255400000018,0.302380300000172,0.174029800000026,0.208286000000051,0.139048499999999
0.039897000000001,0.109347399999992,0.243852800000098,0.255091400000099,0.351811400000181
0.0598131,0.182690000000044,0.296145900000147,0.276967600000132,0.184383400000044
0.073016499999999,0.386530800000255,0.216594900000071,0.122211099999996,0.201646700000055
0.050002000000006,0.059730000000009,0.234568800000095,0.272540500000111,0.383158700000217
0.097745999999999,0.05328570000001,0.408127400000259,0.200532200000055,0.240308700000082
0.0176523,0.095585500000001,0.490823000000337,0.16752460000002,0.228414600000087
0.137744799999991,0.297589400000163,0.061719200000007,0.348655700000186,0.154290900000016
0.033186100000001,0.015219799999999,0.362392900000212,0.409036000000254,0.180165200000039
0.089330899999994,0.0011472,0.16050180000003,0.395273900000242,0.353746200000207
0.097539399999993,0.037848900000009,0.194341500000056,0.319353300000174,0.350916900000194
0.261420300000082,0.214331100000129,0.100818699999998,0.220716600000076,0.202713300000062
0.129495399999995,0.341305200000205,0.083406400000005,0.277860400000123,0.167932600000017
0.180754600000028,0.038329800000003,0.126127399999993,0.369136500000202,0.285651700000118
0.135828799999988,0.29102900000018,0.199104200000051,0.136678599999995,0.23735940000009
0.121303699999984,0.159871700000053,0.116092699999989,0.376628300000219,0.226103600000076
0.132923499999986,0.178880600000076,0.344767300000185,0.167705600000032,0.175723000000034
0.0848658,0.435295500000318,0.075988300000003,0.247605000000098,0.156245400000013
0.186307500000022,0.097671100000022,0.272947300000133,0.275200300000121,0.167873800000017
0.0194809,0.253107500000107,0.208247100000061,0.228216200000081,0.29094830000013
0.154381799999998,0.429420400000321,0.086768700000003,0.2444120000001,0.0850171
0.049268000000003,0.061729400000009,0.235453800000089,0.435842800000277,0.217706000000058
0.211340300000038,0.064684800000048,0.243172500000099,0.179793200000042,0.301009200000143
0.052984800000005,0.048863700000005,0.538243500000176,0.186227000000053,0.173681000000025
0.074149099999996,0.030566399999994,0.140811800000005,0.287538300000135,0.466934400000281
0.091214299999992,0.06399040000003,0.258054700000126,0.427643300000256,0.159097300000021
0.1202463,0.280854600000166,0.143839800000007,0.317271700000149,0.137787599999996
0.123470199999984,0.225078300000117,0.216631700000072,0.177335100000025,0.2574847000001
0.154794799999991,0.218688800000107,0.144957200000006,0.26327970000011,0.218279500000058
0.059333300000001,0.0006548,0.220835500000076,0.486076500000319,0.233099900000071
0.166153600000013,0.118407100000018,0.269887900000124,0.275417200000122,0.170134200000015
0.0222786,0.429439800000277,0.18545380000004,0.208990700000057,0.15383710000001
0.143804699999991,0.241313300000132,0.220075200000078,0.285133700000134,0.109673099999988
0.144428300000005,0.248419400000114,0.215968400000068,0.256646700000099,0.134537199999993
0.103920700000001,0.057019600000005,0.16503410000002,0.327337000000147,0.346688600000187
0.086721699999993,0.138013000000005,0.104827499999992,0.358687300000202,0.311750500000152
0.0253682,0.169086700000029,0.277964700000122,0.287027700000125,0.240552700000079
0.135190499999985,0.2115250000001,0.217787900000073,0.244961700000099,0.190534900000044
0.075333200000003,0.227032600000083,0.072853000000007,0.3618485000002,0.2629327000001
0.150227700000004,0.023544899999996,0.19299760000006,0.349312200000192,0.283917600000117
0.0451036,0.250624900000115,0.212399900000058,0.190830000000066,0.301041600000139
0.166614200000005,0.063237500000019,0.306648700000155,0.237738500000099,0.225761100000071
0.023253400000001,0.3443246000002,0.094373700000001,0.3368228000002,0.201225500000056
0.041195000000001,0.372025000000221,0.181880300000044,0.273591700000118,0.131307999999993
0.105693299999994,0.138967799999999,0.109032599999994,0.339512000000167,0.306794300000145
0.171942500000009,0.079253700000011,0.151744000000012,0.324164300000164,0.272895500000105
0.075765100000002,0.276819300000138,0.093938300000006,0.359520400000197,0.193956900000042
0.068460900000006,0.069268500000012,0.267371700000118,0.333084800000164,0.261814100000097
0.070978600000007,0.0002688,0.2439938000001,0.546074000000134,0.138684800000002
0.0719773,0.153358400000007,0.211541500000068,0.317279200000155,0.245843600000084
0.141312799999996,0.122796400000017,0.304526300000161,0.184172800000047,0.247191700000092
0.0469532,0.475273000000342,0.221482900000079,0.126702799999996,0.129588099999994
0.067613400000008,0.192958300000056,0.173716600000035,0.3531507000002,0.212561000000077
0.169154500000008,0.254182200000113,0.076800500000005,0.245199400000099,0.254663400000095
0.050806000000005,0.125122699999986,0.199039900000062,0.406705300000251,0.218326100000068
0.063076700000002,0.395253100000267,0.169899000000033,0.202087200000056,0.169684000000027
0.069231200000005,0.214477900000087,0.191955300000046,0.278255800000112,0.246079800000099
0.060299000000006,0.33398840000019,0.075443400000005,0.354453700000194,0.175815500000027
0.045618299999998,0.186250200000054,0.195768600000052,0.390108800000234,0.182254100000033
0.124989999999987,0.34667250000022,0.128309899999994,0.278116500000117,0.121911099999993
0.080324600000006,0.0005674,0.354266600000204,0.330492800000174,0.234348600000086
0.061103100000001,0.032015300000002,0.384117000000236,0.365761400000207,0.157003200000017
0.088684099999992,0.147842000000007,0.308340000000161,0.309183700000156,0.145950200000001
0.029588599999999,0.0001375,0.28341370000014,0.47288200000031,0.213978200000062
0.066388800000002,0.095476499999998,0.304237700000147,0.292694300000135,0.241202700000087
0.084423299999999,0.117817299999989,0.205696400000061,0.393013200000234,0.199049800000043
0.0983737,0.05051780000001,0.383176100000229,0.187388500000043,0.28054390000013
0.064553300000002,0.235888000000094,0.186157800000044,0.276677800000124,0.236723100000086
0.143499899999996,0.309774800000208,0.079310000000005,0.264835200000112,0.202580100000045
0.142796599999987,0.371521000000269,0.1393751,0.182858700000034,0.163448600000022
0.067507200000006,0.025948999999999,0.315838900000173,0.499529500000337,0.091175399999996
0.145275800000002,0.328078200000192,0.076150800000003,0.184672200000042,0.265823000000114
0.0349747,0.582308199999994,0.196726300000059,0.093420600000002,0.092570199999995
0.260078600000064,0.1496295,0.196172900000054,0.18971700000004,0.204402000000058
0.1411822,0.05872750000001,0.162852100000025,0.397736000000231,0.239502200000082
0.11257299999999,0.125209399999996,0.227683900000087,0.3600756000002,0.174458100000038
0.062779000000008,0.0001346,0.465940300000298,0.251682600000085,0.219463500000066
0.088746799999992,0.382016700000257,0.121628299999987,0.173588300000032,0.234019900000092
0.044562600000002,0.323569600000185,0.088422399999999,0.340479100000178,0.202966300000048
0.046214000000003,0.079585400000009,0.2461483000001,0.318257700000166,0.30979460000015
0.085797399999995,0.030162999999998,0.265124300000113,0.404269000000245,0.214646300000055
0.061505299999999,0.066110900000023,0.25996040000011,0.444622900000289,0.167800500000031
0.12913409999999,0.054532300000014,0.082171500000003,0.296754300000139,0.437407800000271
0.10933339999999,0.23072120000011,0.215732100000076,0.156295600000021,0.287917700000125
0.0820207,0.079956700000008,0.19881290000006,0.332284000000187,0.306925700000147
0.086933099999994,0.346915200000224,0.191083700000048,0.17412760000004,0.200940400000054
0.140971199999993,0.228591500000123,0.295382000000144,0.165433300000026,0.169622000000024
0.026306600000001,0.169523500000028,0.15241390000002,0.380399800000231,0.271356200000118
0.096018399999996,0.043609200000014,0.264758000000125,0.351113900000192,0.244500500000095
0.109994599999991,0.0012602,0.26769800000012,0.237675400000088,0.383371800000224
0.075319099999997,0.243895100000117,0.147454700000009,0.28420990000014,0.249121200000099
0.0268827,0.300654500000155,0.281000900000129,0.28379380000012,0.107668099999998
0.111714099999994,0.274531100000151,0.174091100000033,0.256759200000112,0.182904500000026
0.186602100000024,0.022081299999992,0.0759058,0.310694000000151,0.404716800000229
0.129081399999989,0.206875900000071,0.209245000000062,0.262030100000104,0.192767600000047
0.079219600000009,0.154511100000008,0.288375800000139,0.295894800000147,0.181998700000033
0.199735400000041,0.098925699999999,0.215779200000061,0.303260900000142,0.182298800000039
0.085948299999995,0.420325700000279,0.057789100000004,0.235615600000087,0.200321300000044
0.106257699999988,0.172495300000046,0.090410700000012,0.320518000000152,0.310318300000142
0.158569100000009,0.096627300000021,0.241104300000092,0.214743500000067,0.288955800000118
0.147937000000008,0.134571800000016,0.136352299999999,0.315750500000159,0.265388400000113
0.206347700000057,0.061238900000009,0.049585500000004,0.325676400000168,0.357151500000185
0.082678800000003,0.082904000000004,0.323896900000176,0.253935100000095,0.256585200000089
0.0196982,0.119199499999991,0.309436700000155,0.347403900000205,0.204261700000055
0.0374365,0.21388970000008,0.101874499999999,0.473960100000317,0.172839200000029
0.073317300000009,0.034374500000002,0.299460900000155,0.176883800000029,0.415963500000251
0.131639999999986,0.306415400000184,0.12870199999999,0.183819500000036,0.249423100000094
0.065118999999998,0.36662530000024,0.060014100000006,0.310460900000162,0.19778070000005
0.122932999999988,0.114967900000012,0.366481200000215,0.221938900000077,0.173679000000032
0.048099100000002,0.207647700000066,0.212601100000071,0.2608774000001,0.27077470000011
0.108572700000002,0.368216000000229,0.195189100000055,0.118306799999995,0.209715400000069
0.042433600000005,0.180580700000041,0.160377400000024,0.337100900000184,0.279507400000117
0.058730700000001,0.166061900000032,0.141298000000003,0.358022900000204,0.275886500000125
0.054008000000001,0.336552800000195,0.123006699999997,0.163530900000023,0.322901600000168
0.132175699999991,0.417943800000299,0.048002300000004,0.171622800000024,0.230255400000072
0.0390807,0.554141500000025,0.092103700000004,0.176895000000029,0.137779100000002
0.056549800000008,0.277711700000135,0.229257900000082,0.313712300000161,0.122768299999993
0.102548999999993,0.010988199999999,0.269062100000118,0.310918800000152,0.306481900000143
0.111893299999992,0.20208000000007,0.109382899999992,0.356636200000195,0.220007600000082
0.065696400000002,0.079942900000006,0.14537330000001,0.558789100000089,0.150198300000015
0.213205300000055,0.168373000000038,0.090462099999999,0.280703400000117,0.247256200000104
0.075608600000005,0.15668290000003,0.108631,0.351839700000188,0.307237800000152
0.017750799999999,0.171720600000035,0.261553700000117,0.392301400000242,0.156673500000014
0.153226800000007,0.193284000000066,0.168330000000024,0.319034100000158,0.166125100000019
0.068442500000001,0.215200200000074,0.214060700000065,0.225012900000075,0.277283700000115
0.042977100000002,0.136417299999995,0.374772300000219,0.330460500000186,0.115372799999991
0.0292474,0.331886100000187,0.170333400000025,0.216360900000077,0.252172200000106
0.046564600000003,0.04986790000001,0.245848400000099,0.395796500000226,0.2619226000001
0.107971099999993,0.212623400000071,0.147698400000014,0.405811200000246,0.125895899999988
0.150131399999998,0.16406950000006,0.177936700000046,0.320242400000163,0.187620000000041
0.141635899999999,0.0007022,0.268106200000114,0.354014800000202,0.235540900000092
0.210260700000029,0.194217300000117,0.193076900000042,0.1146835,0.287761600000133
0.039336599999999,0.371857800000231,0.191815300000059,0.188367500000048,0.20862280000006
0.143828500000004,0.372129800000247,0.136987699999999,0.183350400000043,0.163703600000023
0.080673499999998,0.321036900000184,0.127047299999995,0.172360300000036,0.298882000000134
0.072781199999996,0.318893800000195,0.164357000000025,0.216296800000073,0.227671200000074
0.091542799999998,0.178038400000037,0.196999200000056,0.236806200000084,0.296613400000132
0.105879599999991,0.18876700000006,0.2423269000001,0.248112700000101,0.214913800000056
0.026009799999999,0.103732799999996,0.137534699999997,0.242121700000098,0.490601000000335
0.086055499999996,0.5588504000001,0.063286500000013,0.140496299999991,0.151311300000009
0.082523000000002,0.177086600000059,0.264713000000112,0.321931300000171,0.153746100000018
0.0833197,0.052510000000012,0.217788900000072,0.374417500000205,0.271963900000117
0.036008600000001,0.141427600000006,0.287323200000133,0.30999330000016,0.225247300000075
0.087755099999998,0.114707199999991,0.313200400000162,0.250584300000108,0.233753000000087
0.053873500000002,0.074863500000007,0.215573100000071,0.270845000000122,0.384844900000231
0.098396899999994,0.273393400000141,0.170474300000021,0.235038100000086,0.22269730000008
0.036475700000003,0.029406399999997,0.210466800000065,0.286522300000133,0.437128800000271
0.087480000000003,0.105599799999998,0.229066900000088,0.380187900000216,0.197665400000048
0.063847400000003,0.181658200000044,0.219478900000075,0.358014600000211,0.177000900000039
0.159658000000009,0.095328200000001,0.142994299999999,0.292815900000118,0.309203600000145
0.035050400000001,0.158613500000021,0.1007633,0.466014400000317,0.239558400000088
0.039123099999999,0.189645100000045,0.161694400000025,0.443299900000287,0.16623750000003
0.060724300000005,0.387352700000241,0.116846599999992,0.209015700000065,0.226060700000075
0.089842900000006,0.476442500000336,0.046242200000004,0.202574700000051,0.184897700000037
0.0170813,0.090618000000001,0.374799800000227,0.278991700000123,0.238509200000092
0.090647699999999,0.299891000000167,0.034461500000001,0.292793800000144,0.282206000000125
0.093482900000003,0.507669300000322,0.055727800000006,0.252460100000105,0.090659900000004
0.081779399999997,0.030362099999995,0.277084500000141,0.265754000000105,0.345020000000182
0.033861400000002,0.353242600000212,0.104689399999993,0.248502800000102,0.259703800000111
0.102980899999988,0.262424400000152,0.1367669,0.29422630000014,0.203601500000056
0.213945000000033,0.212289700000066,0.199615500000054,0.150543400000014,0.223606400000078
0.079800799999998,0.09018340000002,0.318576100000168,0.289096000000153,0.222343700000071
0.0159791,0.201525500000059,0.383207700000229,0.276647900000129,0.122639799999986
0.076530500000001,0.073347300000014,0.144548600000003,0.411630800000258,0.29394280000014
0.054060099999999,0.180889200000045,0.176667800000041,0.328742900000172,0.259640000000093
0.0091807,0.609027499999894,0.107603199999998,0.093417899999998,0.180770700000039
0.134505099999995,0.06137250000001,0.276840400000135,0.282166900000136,0.245115100000097
0.122275399999982,0.238800700000121,0.132739400000005,0.23167600000007,0.274508500000118
0.025759799999999,0.192904400000054,0.213034700000069,0.330319000000184,0.237982100000093
0.102396299999994,0.263469700000142,0.089677099999997,0.215884500000081,0.328572400000176
0.120656099999986,0.353622700000237,0.080421000000006,0.2526181000001,0.192682100000042
0.074735100000005,0.059668400000014,0.224899600000087,0.418128400000272,0.222568500000069
0.195185900000042,0.119171700000016,0.076897100000007,0.352301300000191,0.256444000000096
0.215160800000045,0.034961700000002,0.115262599999994,0.384459200000226,0.25015570000009
0.142794799999996,0.267635300000143,0.171020500000031,0.358201700000204,0.060347700000004
0.107136599999996,0.403439000000264,0.110692599999994,0.140985600000005,0.23774620000009
0.087243600000006,0.021031699999999,0.158380300000019,0.528813700000217,0.204530700000053
0.055417999999999,0.49355550000035,0.123551799999989,0.198364100000052,0.129110599999995
0.154543199999999,0.038914700000015,0.157987400000026,0.291702800000145,0.356851900000188
0.036738500000002,0.127862499999997,0.30125930000015,0.219959000000071,0.314180700000165
0.073604600000008,0.197731800000062,0.309026400000159,0.213102800000067,0.206534400000057
0.030662900000001,0.115807699999993,0.201856400000055,0.331246900000173,0.320426100000144
0.066249400000008,0.051493900000008,0.095060300000007,0.575627400000023,0.211569000000058
0.063730400000005,0.068384900000008,0.259530800000102,0.40244930000025,0.205904600000053
0.064668800000005,0.102427300000005,0.272272800000124,0.363779400000208,0.196851700000039
0.099196299999993,0.203190300000081,0.403811600000242,0.139171099999998,0.154630700000009
0.095492900000002,0.056810700000015,0.188232100000036,0.298081100000133,0.361383200000188
0.0238434,0.274204800000132,0.230630200000077,0.274854200000119,0.196467400000046
0.105980999999991,0.305870800000187,0.122495000000001,0.204590000000053,0.261063200000101
0.105261099999993,0.203174200000079,0.232261100000078,0.277981300000118,0.181322300000038
0.129586899999982,0.172157900000063,0.154943200000016,0.385838200000238,0.15747380000002
0.078282099999994,0.252741500000125,0.072834700000006,0.334411400000176,0.261730300000106
0.0516818,0.167963000000031,0.213444400000072,0.41685560000025,0.15005520000001
0.057639900000001,0.284614900000139,0.136512399999996,0.222413700000073,0.298819100000139
0.137039199999986,0.398693600000255,0.0083372,0.196270500000048,0.259659500000106
0.153922299999998,0.275592200000155,0.288054700000146,0.108685899999996,0.173744900000038
0.11276129999999,0.11609150000002,0.280940800000138,0.207370700000057,0.282835700000133
0.009034,0.271579700000127,0.202491300000058,0.367719600000211,0.149175400000013
0.113149499999985,0.06316630000002,0.333014400000182,0.305357600000151,0.185312200000032
0.040915300000002,0.367917900000232,0.239282600000099,0.199986200000053,0.151898000000011
0.083018899999998,0.093423800000008,0.204821800000058,0.342921900000181,0.275813600000135
0.070752199999997,0.212189300000092,0.224697500000084,0.308109800000156,0.184251200000037
0.096700099999999,0.283054000000156,0.277692500000129,0.1377828,0.204770600000055
0.054981999999999,0.235743400000102,0.15632930000002,0.305099300000148,0.247846000000088
0.026954,0.220232700000082,0.303606600000141,0.329907400000169,0.11929929999999
0.072238800000004,0.137445099999995,0.195209500000055,0.437074400000275,0.15803220000002
0.105842899999993,0.424409200000308,0.155313800000012,0.17258250000003,0.141851599999998
0.0312496,0.026927099999998,0.247069300000096,0.29234090000015,0.402413100000249
0.081185399999999,0.087254599999997,0.171478600000022,0.301716100000139,0.358365300000195
0.095843700000002,0.272300800000156,0.173747300000036,0.224188200000074,0.233920000000075
0.092242499999999,0.11705599999999,0.078031600000007,0.564618400000074,0.148051500000008
0.051232300000002,0.089330500000005,0.307102400000151,0.283350700000133,0.26898410000012
0.054871900000001,0.0052561,0.228844500000077,0.467055700000305,0.243971800000087
0.16043520000001,0.011853099999999,0.209661400000067,0.309042000000155,0.309008300000153
0.083945999999994,0.053329300000013,0.245007100000097,0.372895100000214,0.244822500000102
0.124218399999991,0.081626900000017,0.244311000000099,0.315379200000155,0.234464500000082
0.192080700000028,0.014716999999996,0.049725600000005,0.521355800000262,0.222120900000066
0.065989500000003,0.173054800000032,0.188763400000049,0.261246800000121,0.310945500000139
0.073728399999997,0.058401400000014,0.421225400000267,0.222671800000084,0.223973000000083
0.082634000000001,0.097467700000004,0.177948400000039,0.295177600000135,0.346772300000176
0.140715899999998,0.291683000000147,0.082883400000007,0.248856900000098,0.235860800000087
0.0275497,0.109329599999994,0.433709500000272,0.309949800000147,0.119461399999986
0.129024299999981,0.098839900000008,0.073385900000006,0.421063000000269,0.277686900000121
0.059330800000008,0.043397200000003,0.373971100000222,0.305532300000149,0.217768600000061
0.085922099999998,0.189388900000055,0.234525100000088,0.244453400000099,0.245710500000085
0.067140400000002,0.39311330000026,0.17504500000003,0.232153200000085,0.132548099999989
0.093952399999998,0.371588400000227,0.081500200000002,0.279238200000139,0.17372080000003
0.061675500000001,0.210349500000075,0.164735400000026,0.441093200000282,0.122146399999992
0.042404100000001,0.114512099999995,0.260918300000107,0.339256200000185,0.242909300000087
0.122922599999985,0.28921620000015,0.158805400000019,0.208006500000057,0.22104930000006
0.088347600000004,0.110592099999998,0.208257800000072,0.259939400000113,0.332863100000165
0.13697489999999,0.126068800000008,0.176179000000038,0.33003730000018,0.230740000000082
0.064746299999999,0.529816800000154,0.082176700000003,0.134017499999999,0.189242700000048
0.059678800000007,0.085501799999999,0.217122400000069,0.383021800000226,0.254675200000105
0.142622699999996,0.261108300000175,0.073949100000007,0.383697900000227,0.138622000000002
0.197449400000047,0.099326400000012,0.180420700000038,0.291572900000133,0.231230600000072
0.077859799999997,0.246460300000114,0.16089880000002,0.322110000000162,0.192671100000039
0.196293900000027,0.141069000000059,0.098605799999994,0.366549700000211,0.197481600000052
0.144120300000002,0.158691700000058,0.184599300000035,0.259269700000096,0.253319000000087
0.049089700000006,0.0001273,0.48314240000033,0.182211200000038,0.285429400000136
0.081522499999995,0.087402200000014,0.229946600000084,0.366606600000203,0.234522100000088
0.081719099999995,0.202887400000066,0.118185799999994,0.310270500000159,0.286937200000129
0.211428900000044,0.140405400000038,0.232097900000081,0.164579400000021,0.251488400000096
0.118057299999984,0.22033210000009,0.107577600000002,0.388716400000234,0.16531660000002
0.116412299999986,0.306958700000181,0.028256799999999,0.38239950000024,0.165972700000022
0.141386099999992,0.173564400000076,0.093488999999999,0.229770500000083,0.361790000000212
0.189394200000046,0.036437300000014,0.407927600000253,0.198606000000051,0.167634900000022
0.123392499999985,0.147792800000025,0.116915599999997,0.431064100000275,0.18083500000003
0.032647100000001,0.182695300000048,0.239120600000088,0.278675400000118,0.266861600000117
0.056617900000002,0.315243000000177,0.093502800000004,0.258517700000108,0.276118600000114
0.049492199999999,0.090087400000012,0.273707800000127,0.298205000000153,0.288507600000124
0.055447000000007,0.0029672,0.221733300000077,0.327873100000175,0.391979400000226
0.0216452,0.22983200000009,0.196768700000051,0.244985900000104,0.306768200000149
0.12810199999998,0.042431300000016,0.168273300000035,0.424539600000263,0.236653800000084
0.102742899999993,0.734289199999382,0.047006000000004,0.082379700000001,0.033582200000002
0.189902500000024,0.042203900000008,0.056659000000009,0.389266900000236,0.321967700000172
0.097562499999997,0.265656400000134,0.032487600000001,0.367930000000215,0.236363500000089
0.0228008,0.141414599999999,0.361806700000212,0.341038800000194,0.13293909999999
0.070281599999997,0.108440400000005,0.225094700000083,0.312164600000162,0.284018700000121
0.077806900000002,0.222357300000084,0.132447799999996,0.33124070000018,0.236147300000083
0.088001100000004,0.12290379999999,0.187675000000055,0.292795500000139,0.308624600000159
0.096054399999991,0.177729600000052,0.308902600000162,0.184338600000037,0.232974800000086
0.061453000000001,0.244401600000107,0.374968500000226,0.095561900000004,0.223615000000069
0.089937099999991,0.398485300000269,0.205292500000061,0.120676799999996,0.185608300000045
0.14989180000001,0.101339200000006,0.189388500000048,0.317365500000157,0.24201500000009
0.101068799999988,0.137432200000013,0.236912700000089,0.289479100000123,0.235107200000087
0.133905299999997,0.174079800000042,0.131110999999998,0.254934500000111,0.305969400000151
0.129320699999997,0.250614600000128,0.218914700000069,0.160769100000028,0.24038090000009
0.044881500000004,0.042097600000004,0.427595500000284,0.322824400000165,0.162601000000022
0.038084300000002,0.293074300000148,0.100028000000004,0.36223000000021,0.206583400000053
0.161730300000025,0.106422600000012,0.264732600000113,0.272310200000116,0.194804300000039
0.077310600000008,0.21836580000008,0.189862000000051,0.252640500000125,0.261821100000096
0.056507800000007,0.437575100000293,0.120979599999985,0.271062400000131,0.113875099999988
0.071192199999997,0.116426300000012,0.187517600000048,0.352547100000201,0.272316800000118
0.0302156,0.415021300000282,0.151041800000008,0.270228000000117,0.133493299999996
0.076022000000004,0.107298599999995,0.086914399999998,0.589193199999982,0.140571800000005
0.0901535,0.28995060000017,0.187836600000042,0.186903400000041,0.245155900000084
0.142707999999996,0.359694600000245,0.251634000000107,0.154292400000013,0.091670999999997
0.095508299999993,0.148100600000033,0.062148900000011,0.497793900000337,0.196448300000046
0.0559669,0.39403710000025,0.055767500000008,0.253690500000109,0.240538000000085
0.106450199999993,0.400534300000281,0.138154400000003,0.179202900000035,0.175658200000025
0.045086300000001,0.0002691,0.332511800000192,0.344567100000191,0.277565700000122
0.121868899999987,0.031297299999996,0.304745400000163,0.362876800000197,0.179211600000035
0.060578600000002,0.0380136,0.34571140000019,0.292877900000131,0.262818500000098
0.037354600000001,0.281286300000147,0.22018750000008,0.258520600000103,0.202651000000055
0.091779099999993,0.178249900000057,0.222910800000082,0.213201200000077,0.293859000000132
0.0338968,0.202508000000057,0.124063199999987,0.309785900000152,0.329746100000169
0.099066500000001,0.093685700000016,0.181600500000043,0.328231000000172,0.297416300000132
0.106260899999988,0.367970500000246,0.079071900000002,0.226567300000067,0.220129400000073
0.140450700000005,0.023698699999999,0.138343400000001,0.257183200000107,0.440324000000265
0.101696899999992,0.069162200000005,0.0848268,0.442829600000283,0.301484500000153
0.135970000000008,0.209325600000093,0.200738700000062,0.253327600000093,0.200638100000052
0.055566500000004,0.072610300000007,0.241593700000098,0.378480800000225,0.251748700000085
0.0200651,0.252020700000114,0.42017450000027,0.121266199999989,0.186473500000037
0.15802020000001,0.066763500000032,0.236555900000101,0.243023700000098,0.295636700000128
0.085727199999998,0.261600000000122,0.15365990000002,0.249498800000103,0.249514100000098
0.077961400000001,0.159787500000026,0.258188200000113,0.295487700000144,0.208575200000058
0.137128399999988,0.163529200000023,0.105363699999996,0.38603400000024,0.207944700000055
0.176107000000017,0.050264400000005,0.266518300000133,0.345474700000194,0.161635600000014
0.127013099999982,0.086747500000023,0.275808700000139,0.254452700000098,0.255978000000105
0.126320199999988,0.030756099999997,0.114556199999996,0.455753200000298,0.2726143000001
0.067744000000003,0.115672300000011,0.203492500000054,0.392736600000224,0.220354600000061
0.068946500000003,0.150861000000018,0.112714300000004,0.472575900000313,0.194902300000035
0.085367199999995,0.119309400000018,0.205051500000054,0.404443200000242,0.185828700000044
0.147329900000004,0.0008961,0.260660400000114,0.366167500000215,0.22494610000007
0.095116599999996,0.106521900000011,0.240281500000094,0.276219000000122,0.28186100000012
0.148019800000005,0.127834800000008,0.178007100000032,0.248063300000114,0.298075000000138
0.087249499999996,0.1204636,0.250257900000108,0.266760200000112,0.275268800000125
0.08430560000001,0.208658200000074,0.308339900000164,0.2453042000001,0.153392100000011
0.045727300000001,0.320921000000188,0.19616890000005,0.328704600000177,0.108478199999998
0.152664900000005,0.066678800000022,0.149693000000007,0.37196960000021,0.258993700000092
0.09534779999999,0.184400500000074,0.34935920000021,0.233471300000092,0.137421199999999
0.018038499999999,0.0001367,0.255513300000104,0.335058400000181,0.391253100000239
0.128544099999988,0.060133500000016,0.101922299999992,0.380586700000222,0.328813400000171
0.0207689,0.06558550000001,0.328453800000184,0.300362400000149,0.284829400000122
0.087960399999991,0.261306500000135,0.148494700000009,0.289064600000132,0.21317380000007
0.031926700000001,0.0026599,0.419028500000262,0.232729700000092,0.313655200000156
0.074245700000008,0.013990299999999,0.307196100000158,0.289424200000132,0.315143700000159
0.0616391,0.302780000000169,0.255723400000105,0.192326300000054,0.18753120000004
0.09645699999999,0.184802600000054,0.166271300000026,0.325143800000177,0.227325300000077
0.055360100000007,0.196262100000059,0.366913800000223,0.183595500000045,0.197868500000047
0.107815699999986,0.199859800000075,0.102780699999998,0.363092700000209,0.226451100000067
0.047761900000004,0.488289500000332,0.102519299999994,0.152026600000012,0.209402700000064
0.0283465,0.270147300000124,0.218783900000076,0.241699900000088,0.241022400000089
0.063279900000006,0.0004036,0.135513500000009,0.494483000000324,0.306320000000134
0.025338399999999,0.109559499999989,0.262999200000111,0.417595900000256,0.184507000000034
0.0150163,0.13068449999999,0.283803200000142,0.469321600000306,0.101174399999997
0.0502559,0.285964800000146,0.125049999999994,0.345370200000191,0.193359100000043
0.149979800000003,0.377616600000255,0.140686000000005,0.142218400000005,0.189499200000035
0.0612916,0.532551300000161,0.090022200000007,0.26823570000012,0.047899200000005
0.041955500000001,0.117418099999994,0.389042900000236,0.23142830000008,0.220155200000063
0.080103399999992,0.041588200000008,0.356186900000193,0.2505231000001,0.271598400000114
0.070265999999998,0.523119900000212,0.212050000000069,0.071351800000005,0.123212299999988
0.08662170000001,0.283202500000137,0.146570700000006,0.140890800000008,0.342714300000178
0.150948200000006,0.20052470000007,0.038290400000001,0.294623600000149,0.315613100000146
0.089763100000011,0.120469999999988,0.455997400000298,0.179825400000035,0.153944100000009
0.0258745,0.1426669,0.232084700000084,0.389542100000228,0.209831800000056
0.10914169999999,0.206173200000075,0.146279500000004,0.440546800000283,0.097858799999999
0.094810699999992,0.43935870000032,0.084227800000001,0.191004700000046,0.19059810000004
0.137338799999996,0.072538200000017,0.258717000000113,0.281567100000143,0.249838900000103
0.077211300000007,0.367145100000218,0.123419099999986,0.277447200000133,0.154777300000016
0.065210900000002,0.132316900000005,0.142279600000001,0.445997800000273,0.214194800000054
0.053523200000002,0.018670599999999,0.192311600000049,0.426428700000271,0.309065900000154
0.091804399999993,0.108110399999995,0.346409800000196,0.19772690000005,0.255948500000108
0.108240099999994,0.21872460000008,0.212273100000075,0.30367260000015,0.157089600000005
0.114222099999987,0.262413100000152,0.197221300000062,0.277068200000118,0.149075300000006
0.037207700000003,9.02000000000015E-05,0.289400200000148,0.369094900000216,0.304207000000144
0.0096518,0.108750999999999,0.168926200000035,0.345022900000184,0.36764810000021
0.0345332,0.155813600000018,0.148441500000011,0.412854300000239,0.248357400000093
0.049093100000003,0.010731899999999,0.254002000000102,0.430796000000264,0.255377000000105
0.111644299999988,0.166279300000056,0.172621600000038,0.18378750000004,0.365667300000214
0.151164199999998,0.168861800000067,0.038094200000002,0.408782200000258,0.233097600000086
0.1518527,0.168802500000068,0.245829000000101,0.224705900000073,0.208809900000059
0.110209699999984,0.320459200000209,0.216846700000073,0.219376300000075,0.133108099999994
0.071166900000002,0.237907800000115,0.208518200000071,0.294367300000144,0.188039800000039
0.212858300000038,0.179655900000091,0.210319600000069,0.192497000000041,0.204669200000052
0.125755599999983,0.367613200000244,0.147182300000012,0.151761500000011,0.207687400000055
0.051960100000003,0.312992000000172,0.157817000000011,0.225788400000078,0.251442500000106
0.092327799999994,0.375705900000247,0.168963100000034,0.284541100000129,0.078462100000003
0.101003800000004,0.025421499999998,0.197216600000056,0.385144800000224,0.291213300000129
0.111285899999987,0.099922000000013,0.26797790000012,0.373914000000223,0.146900200000005
0.098230499999993,0.030618299999994,0.224984600000081,0.433456000000263,0.212710600000064
0.078148299999996,0.185209100000056,0.260152500000112,0.307560500000146,0.168929600000025
0.084755799999995,0.347916600000211,0.224730500000073,0.165104200000028,0.177492900000029
0.073126500000002,0.182345500000059,0.345269600000209,0.292975500000146,0.106282899999992
0.099513899999994,0.355246600000226,0.068416800000008,0.157913100000017,0.31890960000016
0.102794699999994,0.235499400000099,0.147302900000013,0.334524100000172,0.179878900000033
0.204468100000044,0.018206899999998,0.315086100000157,0.231685000000082,0.230553900000078
0.063899899999999,0.108001400000007,0.166626400000023,0.5363248000002,0.125147499999993
0.064585700000007,0.047539500000009,0.279524100000118,0.230523500000081,0.377827200000208
0.118511399999991,0.086903100000005,0.129917199999996,0.411927600000254,0.25274070000009
0.044968300000002,0.082271300000015,0.315762900000162,0.221667100000069,0.335330400000174
0.086124099999996,0.226656800000102,0.039892900000002,0.437280300000282,0.210045900000068
0.048949600000006,0.145779400000019,0.154011500000015,0.349542600000191,0.301716900000151
0.1050672,0.11634339999999,0.385624300000238,0.237969200000087,0.154995900000019
0.082950099999995,0.100392200000007,0.276696000000127,0.330961900000167,0.208999800000068
0.051895300000006,0.17600970000003,0.159666700000025,0.337601300000187,0.274827000000119
0.090504499999999,0.0016493,0.173769200000034,0.327504500000173,0.40657250000024
0.123848199999986,0.014928499999997,0.248618900000092,0.380129200000224,0.232475200000068
0.111184799999987,0.048533100000017,0.242595700000109,0.424083100000256,0.173603300000034
0.126961499999985,0.152942600000026,0.125406299999989,0.341452900000187,0.253236700000089
0.149148599999997,0.102205400000027,0.136342399999993,0.28790710000014,0.324396500000166
0.109382599999996,0.19268180000007,0.136296699999993,0.279021300000136,0.28261760000013
0.111247199999997,0.240727900000104,0.185003900000033,0.226998400000071,0.236022600000075
0.032891,0.478402200000338,0.19454770000005,0.188329300000048,0.105829799999995
0.1005431,0.287703300000153,0.043350500000003,0.37692850000022,0.191474600000042
0.171616400000018,0.102391200000047,0.226750000000079,0.299200000000136,0.200042400000047
0.134983099999993,0.060517000000018,0.304650200000161,0.33135990000019,0.168489800000024
0.0284396,0.05935430000001,0.21386380000007,0.366541500000213,0.331800800000169
0.069336200000001,0.423681500000289,0.209271800000075,0.224713700000073,0.072996800000003
0.053762000000006,0.338690600000202,0.336630200000186,0.136882899999999,0.134034299999996
0.086743999999999,0.221908400000084,0.294567800000157,0.210495500000059,0.186284300000048
0.054817400000004,0.383191200000247,0.145497300000006,0.206570900000063,0.209923200000054
0.036929399999999,0.015982399999999,0.336308100000189,0.385600600000239,0.225179500000078
0.098044699999993,0.028915299999994,0.1350157,0.235711800000091,0.502312500000355
0.138343900000005,0.071738200000031,0.180923800000029,0.282212600000123,0.326781500000172
0.0615462,0.19624970000006,0.110094899999998,0.303541900000151,0.32856730000017
0.0268135,0.212701600000075,0.272354500000127,0.234529500000086,0.253600900000112
0.091336099999995,0.0020984,0.396174800000247,0.206431700000051,0.303959000000146
0.083836199999998,0.225594400000083,0.239283800000094,0.231000200000081,0.220285400000071
0.082625699999995,0.075403600000028,0.182097900000042,0.408651500000253,0.251221300000102
0.073858399999994,0.40515660000028,0.042956800000005,0.22636320000008,0.251665000000098
0.043505200000003,0.109809699999989,0.379241100000233,0.194871700000047,0.27257230000012
0.10358529999999,0.393355300000262,0.138072399999995,0.195125200000057,0.16986180000003
0.039540000000002,0.529712300000221,0.205212800000059,0.101260399999998,0.12427449999999
0.058292199999997,0.11157870000001,0.20048040000006,0.464692100000296,0.164956600000024
0.119974099999988,0.064799400000007,0.22880160000009,0.341353000000177,0.245071900000082
0.146778700000006,0.017253499999998,0.348166500000186,0.253353700000105,0.234447600000054
0.045400100000003,0.30423320000018,0.288587400000144,0.165271200000021,0.196508100000051
0.144821399999988,0.23548160000013,0.12168379999999,0.265976200000112,0.232037000000082
0.060929299999998,0.329608600000206,0.264665200000119,0.261825100000104,0.082971800000004
0.047814200000005,0.107158800000002,0.223235900000074,0.389357700000218,0.232433400000067
0.050415400000003,0.0001166,0.384301400000236,0.437306700000283,0.127859899999986
0.166943900000011,0.010517099999999,0.138968599999999,0.34008470000019,0.343485700000182
0.043934200000001,0.106145299999994,0.178131400000038,0.483314200000307,0.188474900000046
0.086670699999996,0.411728200000272,0.072566400000006,0.241742900000093,0.187291800000041
0.080582899999999,0.665417199999663,0.130402099999992,0.054721100000004,0.068876700000004
0.040287200000003,0.0004596,0.406887600000239,0.305077100000163,0.247288500000097
0.108957199999988,0.042897000000008,0.398899100000241,0.242220400000082,0.20702630000005
0.083204599999996,0.334022600000194,0.070151100000007,0.390497000000222,0.12212469999999
0.20746940000005,0.110678300000045,0.261373900000108,0.270974200000109,0.149504200000007
0.0750356,0.227586000000101,0.465793200000315,0.14518930000001,0.086395900000003
0.085820299999999,0.05850440000001,0.18397210000004,0.33204610000017,0.339657100000181
0.191085200000054,0.0009133,0.330378600000186,0.361731500000206,0.115891399999994
0.073960600000001,0.356389900000229,0.0324543,0.16542040000002,0.371774800000209
0.09559869999999,0.267002100000144,0.173821800000033,0.205817000000059,0.257760400000105
0.167861500000011,0.0011484,0.212268400000063,0.339956600000176,0.278765100000129
0.10073809999999,0.216054900000089,0.153269000000012,0.310181900000162,0.219756100000065
0.091869700000004,0.079243000000011,0.397202900000249,0.331729200000181,0.099955199999999
0.041901700000001,0.260955300000119,0.185614300000043,0.289939500000148,0.22158920000007
0.035416800000001,0.348726500000209,0.135042399999995,0.240780000000094,0.240034300000093
0.036936600000001,0.337158700000193,0.087558600000001,0.157918400000008,0.380427700000223
0.10807829999999,0.237623200000111,0.104853899999999,0.218888300000071,0.330556300000148
0.182991300000021,0.040404500000015,0.269291300000122,0.298088700000133,0.209224200000059
0.055394300000001,0.114684000000009,0.362386100000201,0.222943000000077,0.244592600000087
0.073197699999994,0.288463800000166,0.165352300000022,0.238438300000093,0.234547900000082
0.199681500000025,0.231118400000143,0.209031500000066,0.15911840000001,0.201050200000056
0.099880899999995,0.595488699999846,0.063907400000009,0.176114600000031,0.064608400000008
0.101881299999997,0.105572600000007,0.06985100000001,0.555058500000129,0.167636600000018
0.055994600000005,0.0021999,0.424326400000265,0.22101440000007,0.296464700000131
0.11658169999999,0.34128360000023,0.088382900000005,0.319504200000172,0.134247599999987
0.115518799999996,0.145979600000014,0.108663399999997,0.330288700000174,0.299549500000144
0.171856100000014,0.487900700000379,0.180051900000037,0.047574200000004,0.112617099999991
0.0502508,0.049627700000008,0.270423400000132,0.325734900000167,0.303963200000151
0.128210099999985,0.364694500000247,0.123303099999999,0.271142400000123,0.112649899999994
0.13024269999999,0.09119640000002,0.281971200000133,0.311258300000158,0.185331400000029
0.102958699999996,0.226441700000109,0.167108200000029,0.310336900000157,0.193154500000039
0.065431900000012,0.035848800000007,0.343522600000185,0.405525900000242,0.149670799999998
0.1611191,0.047192500000027,0.217327500000073,0.267695200000126,0.306665700000146
0.18889630000002,0.181379900000057,0.095904200000003,0.27281900000012,0.261000600000099
0.136056999999992,0.097104200000032,0.161611800000024,0.273160700000119,0.332066300000174
0.137202799999993,0.125755400000016,0.220447100000076,0.283879000000122,0.232715700000087
0.0607895,0.074712800000012,0.157326600000011,0.395893200000232,0.311277900000147
0.127096199999981,0.126418900000033,0.168888800000029,0.231253000000084,0.346343100000191
0.120567999999991,0.1122333,0.049970600000003,0.424975400000271,0.292252700000134
0.110094199999987,0.08881510000003,0.134504200000005,0.366789800000206,0.299796700000142
0.072106799999998,0.066884300000027,0.148740100000012,0.534215900000194,0.178052900000027
0.149599300000004,0.150677300000024,0.076190600000005,0.441056700000279,0.182476100000032
0.113697599999983,0.135428299999998,0.234468800000081,0.311621300000149,0.204784000000058
0.0133848,0.003402,0.357521800000201,0.338377800000189,0.287313600000117
0.093654099999991,0.328936000000202,0.181944700000039,0.182911000000037,0.212554200000058
0.1484384,0.139852300000022,0.123327199999993,0.362457000000207,0.225925100000073
0.088344999999996,0.183991300000047,0.118163799999999,0.362430200000206,0.247069700000088
0.166182000000017,0.29026290000019,0.0943146,0.252114000000095,0.19712650000004
0.0394493,0.18333690000005,0.071305900000013,0.586830099999975,0.119077799999989
0.040580099999999,0.0347092,0.387071900000235,0.35239830000019,0.185240500000047
0.158768300000014,0.286216000000165,0.204813400000064,0.243937400000093,0.106264899999996
0.042742500000004,0.078878100000001,0.195046200000044,0.482544300000324,0.20078890000005
0.165888700000018,0.026874799999996,0.255690200000116,0.442282000000287,0.109264299999992
0.112119299999993,0.160743900000032,0.288018700000142,0.209955000000064,0.229163100000074
0.070616300000003,0.449214000000308,0.127697799999987,0.116048600000004,0.236423300000095
0.119017699999993,0.312281000000191,0.117356999999991,0.209842600000065,0.241501700000085
0.0574959,0.261712800000121,0.113732699999996,0.27271370000011,0.294344900000132
0.071263000000003,0.261541200000136,0.143904599999996,0.353146900000199,0.17014430000002
0.115294099999989,0.316029200000207,0.146287700000011,0.246146600000095,0.176242400000043
0.130092799999982,0.356141300000246,0.170487700000026,0.142288000000003,0.200990200000064
0.128246799999983,0.210326200000066,0.019852299999999,0.300368000000143,0.341206700000178
0.120127299999987,0.415498900000292,0.039896600000002,0.206741100000058,0.217736100000067
0.068085000000002,0.315562700000178,0.220275200000074,0.228851900000075,0.16722520000002
0.056782999999998,0.048897000000007,0.295493200000146,0.259850700000112,0.338976100000178
0.069945800000003,0.480398800000331,0.175197600000027,0.154798500000008,0.119659299999995
0.146233200000002,0.187617500000052,0.195369000000052,0.347380500000179,0.12339979999999
0.024330400000001,0.194362600000062,0.252435000000107,0.337949600000177,0.190922400000048
0.0268821,0.078388400000006,0.368656700000222,0.277701900000119,0.248370900000102
0.063620900000003,0.207450800000064,0.158328900000021,0.332858500000175,0.237740900000078
0.056039100000001,0.385020200000246,0.19307330000006,0.318153200000167,0.047714200000001
0.075654499999997,0.0007314,0.197294700000053,0.500948500000331,0.225370900000068
0.106279899999996,0.156176400000013,0.263901500000114,0.210597900000066,0.263044300000106
0.047815000000001,0.061713600000009,0.251879600000095,0.419816000000249,0.218775800000069
0.123761299999988,0.0014352,0.362297200000208,0.199407200000057,0.313099100000133
0.179619200000016,0.332203500000209,0.131974799999995,0.117283399999992,0.238919100000095
0.137948099999989,0.129371700000025,0.271499100000123,0.242630800000092,0.218550300000073
0.035213499999999,0.133386099999994,0.255378800000107,0.365372000000204,0.21064960000005
0.092770099999992,0.225975000000097,0.175343100000032,0.35340000000019,0.152511800000011
0.135284500000002,0.401493600000268,0.154054300000014,0.214564400000068,0.094603199999997
0.085628699999991,0.321525200000191,0.061215000000008,0.298942600000155,0.232688500000083
0.109880100000001,0.072467200000009,0.226518600000081,0.303720400000131,0.287413700000118
0.044295300000001,0.324491400000189,0.284284200000128,0.200870700000057,0.146058400000004
0.134878499999996,0.083353900000023,0.326596900000177,0.214156900000059,0.241013800000083
0.0063067,0.218652400000076,0.370531900000221,0.115985399999995,0.288523600000129
0.159773400000003,0.278443100000149,0.037326300000002,0.335730600000189,0.188726600000034
0.166424300000012,0.362215500000251,0.077041900000005,0.131762099999992,0.26255620000011
0.118205299999987,0.053906400000009,0.182806700000047,0.358780600000198,0.286301000000119
0.064965300000009,0.095799800000004,0.097554000000006,0.526586500000234,0.215094400000061
0.155939000000006,0.223680300000117,0.104786199999995,0.283859400000133,0.231735100000069
0.117883399999999,0.211894500000085,0.188823900000048,0.288956500000134,0.19244170000004
0.141191999999994,0.056455800000014,0.101852499999996,0.438798300000284,0.261701400000111
0.06816,0.062088000000011,0.20165710000006,0.424317800000273,0.243777100000102
0.090022799999998,0.016726899999999,0.322783400000173,0.404535100000248,0.16593180000002
0.062901399999998,0.196726300000062,0.346375300000196,0.202186400000054,0.191810600000046
0.207618600000035,0.401401100000311,0.050519500000003,0.122660099999993,0.21780070000005
0.062242500000001,0.269702700000141,0.20132650000005,0.218905200000069,0.247823100000097
0.084914999999998,0.159591700000035,0.26340980000012,0.214218500000079,0.277865000000127
0.112118000000002,0.189939500000054,0.163556300000026,0.288995200000135,0.245391000000084
0.068095799999998,0.178723600000046,0.100920400000001,0.428113400000268,0.224146800000065
0.162519100000017,0.531417400000093,0.0188999,0.092814300000006,0.19434930000004
0.050764700000001,0.189413700000066,0.19518070000005,0.216641000000071,0.347999900000204
0.042350500000003,0.327591000000191,0.217326000000071,0.202437700000064,0.210294800000065
0.0866867,0.317343500000187,0.177665800000039,0.27084210000012,0.147461900000009
0.091649399999992,0.189859500000057,0.135379400000001,0.416789900000238,0.166321800000024
0.121329999999993,0.229305700000103,0.109008899999992,0.194420100000053,0.345935300000203
0.0350835,0.712366199999393,0.110031099999993,0.059182700000007,0.0833365
0.118242799999998,0.078857900000018,0.28823990000014,0.255923400000121,0.25873600000009
0.0540411,0.155346000000027,0.328218800000174,0.290101900000128,0.172292200000025
0.123961899999983,0.258417900000142,0.249604100000092,0.125873699999991,0.242142400000077
0.198504700000034,0.14655380000005,0.159483000000014,0.211078000000059,0.284380500000124
0.1465639,0.225712200000093,0.107111899999999,0.344374700000193,0.176237300000027
0.104839699999992,0.008623499999999,0.544697800000167,0.145011900000001,0.196827100000045
0.0430777,0.0127321,0.170093100000037,0.483424600000319,0.290672500000129
0.099670499999995,0.37152820000025,0.138803499999999,0.212869700000064,0.177128100000032
0.065078700000002,0.068777400000022,0.212132300000071,0.410525200000256,0.24348640000008
0.0376047,0.631632099999765,0.144161600000004,0.13030759999999,0.056294000000006
0.221951200000067,0.048495100000008,0.128965599999991,0.356387400000195,0.244200700000082
0.039827,0.162691400000019,0.253709300000114,0.291004200000139,0.252768100000097
0.118961699999994,0.189121400000045,0.218930700000067,0.292225000000127,0.180761200000034
0.069552499999998,0.05299140000001,0.172841900000034,0.458728800000305,0.245885400000084
0.0316249,0.1435792,0.272963600000137,0.312830100000143,0.239002200000085
0.040725199999999,0.190736900000053,0.204931100000062,0.328615500000174,0.234991300000081
0.014179,0.019142499999999,0.448200500000296,0.261989100000113,0.25648890000011
0.086852599999999,0.129102400000015,0.367614800000227,0.202510800000062,0.213919400000061
0.037190000000001,0.0011514,0.503512300000331,0.229282000000072,0.228864300000076
0.182152200000024,0.090124899999997,0.179100500000031,0.288804600000128,0.259817800000099
0.062896700000004,0.309727900000159,0.114671499999991,0.254431600000105,0.258272300000099
0.137512699999994,0.177140200000061,0.186106200000047,0.319703200000175,0.179537700000035
0.083683499999999,0.0005845,0.272475900000119,0.373266600000207,0.269989500000109
0.076495400000001,0.121029599999994,0.247090800000113,0.28062050000012,0.274763700000104
0.099394199999995,0.048971100000005,0.18496310000004,0.476996900000308,0.189674700000051
0.059705300000001,0.202201200000055,0.297881300000145,0.26572900000011,0.174483200000028
0.126696299999987,0.266892200000151,0.163600700000018,0.320788300000167,0.122022499999994
0.103500199999993,0.016677999999996,0.328446000000178,0.260745300000104,0.290630500000124
0.22579740000004,0.006514599999999,0.207566500000059,0.293740900000133,0.266380600000102
0.058800300000006,0.0001013,0.357258300000208,0.300855300000141,0.282984800000133
0.083792299999993,0.033115099999999,0.249007200000098,0.396058000000245,0.238027400000087
0.0802501,0.217973100000085,0.136051100000012,0.398056400000236,0.167669300000024
0.0801871,0.161357800000032,0.094976299999998,0.420752100000261,0.242726700000087
0.054928800000002,0.116247499999989,0.062260200000007,0.579737700000003,0.186825800000039
0.122124399999986,0.08821200000002,0.186997100000044,0.448472400000287,0.15419410000001
0.148331599999991,0.212267300000118,0.182569400000039,0.299079000000141,0.157752700000021
